Original_Path,Original_Name,Predicted_Name,Status
pdf_archive\(1)1중간\(1) 중1\2019_연향중1_수학_1중간_문제.pdf,2019_연향중1_수학_1중간_문제.pdf,2019_연향중_중1_수학_1학기중간.pdf,OK
pdf_archive\(1)1중간\(1) 중1\2019_연향중1_수학_1중간_문제_주관식.pdf,2019_연향중1_수학_1중간_문제_주관식.pdf,2019_연향중_중1_수학_1학기중간.pdf,OK
pdf_archive\(1)1중간\(1) 중1\2019_연향중1_수학_1중간_정답.pdf,2019_연향중1_수학_1중간_정답.pdf,2019_연향중_중1_1학기중간_해설.pdf,OK
pdf_archive\(1)1중간\(1) 중1\2019_연향중1_수학_1중간_주관식_정답.pdf,2019_연향중1_수학_1중간_주관식_정답.pdf,2019_연향중_중1_1학기중간_해설.pdf,OK
pdf_archive\(1)1중간\(1) 중1\2019_왕운중1_수학_1중간_문제.pdf,2019_왕운중1_수학_1중간_문제.pdf,2019_왕운중_중1_수학_1학기중간.pdf,OK
pdf_archive\(1)1중간\(1) 중1\2019_왕운중1_수학_1중간_문제_주관식.pdf,2019_왕운중1_수학_1중간_문제_주관식.pdf,2019_왕운중_중1_수학_1학기중간.pdf,OK
pdf_archive\(1)1중간\(1) 중1\2019_왕운중1_수학_1중간_정답.pdf,2019_왕운중1_수학_1중간_정답.pdf,2019_왕운중_중1_1학기중간_해설.pdf,OK
pdf_archive\(1)1중간\(1) 중1\2019_왕운중1_수학_1중간_주관식_정답.pdf,2019_왕운중1_수학_1중간_주관식_정답.pdf,2019_왕운중_중1_1학기중간_해설.pdf,OK
pdf_archive\(1)1중간\(1) 중1\2019_풍덕중1_수학_1중간_문제.pdf,2019_풍덕중1_수학_1중간_문제.pdf,2019_풍덕중_중1_수학_1학기중간.pdf,OK
pdf_archive\(1)1중간\(10) 수학(하)\2023_청암고2_수학하_1중간_보건경영.pdf,2023_청암고2_수학하_1중간_보건경영.pdf,2023_청암고_고2_수학_1학기중간.pdf,OK
pdf_archive\(1)1중간\(10) 수학(하)\2023_청암고2_수학하_1중간_보건경영_해설.pdf,2023_청암고2_수학하_1중간_보건경영_해설.pdf,2023_청암고_고2_1학기중간_해설.pdf,OK
pdf_archive\(1)1중간\(10) 수학(하)\2025_청암고2_수학하_1중간_보건경영.pdf,2025_청암고2_수학하_1중간_보건경영.pdf,2025_청암고_고2_수학_1학기중간.pdf,OK
pdf_archive\(1)1중간\(10) 수학(하)\2025_청암고2_수학하_1중간_보건경영_해설.png.pdf,2025_청암고2_수학하_1중간_보건경영_해설.png.pdf,2025_청암고_고2_1학기중간_해설.pdf,OK
pdf_archive\(1)1중간\(2) 중2\2019_연향중2_수학_1중간.pdf,2019_연향중2_수학_1중간.pdf,2019_연향중_중2_수학_1학기중간.pdf,OK
pdf_archive\(1)1중간\(2) 중2\2019_연향중2_수학_1중간_정답.pdf,2019_연향중2_수학_1중간_정답.pdf,2019_연향중_중2_1학기중간_해설.pdf,OK
pdf_archive\(1)1중간\(2) 중2\2019_연향중2_수학_1중간_주관식.pdf,2019_연향중2_수학_1중간_주관식.pdf,2019_연향중_중2_수학_1학기중간.pdf,OK
pdf_archive\(1)1중간\(2) 중2\2019_연향중2_수학_1중간_주관식_정답.pdf,2019_연향중2_수학_1중간_주관식_정답.pdf,2019_연향중_중2_1학기중간_해설.pdf,OK
pdf_archive\(1)1중간\(2) 중2\2019_풍덕중2_수학_1중간.pdf,2019_풍덕중2_수학_1중간.pdf,2019_풍덕중_중2_수학_1학기중간.pdf,OK
pdf_archive\(1)1중간\(2) 중2\2019_풍덕중2_수학_1중간_정답.pdf,2019_풍덕중2_수학_1중간_정답.pdf,2019_풍덕중_중2_1학기중간_해설.pdf,OK
pdf_archive\(1)1중간\(2) 중2\2019_풍덕중2_수학_1중간_주관식_정답.pdf,2019_풍덕중2_수학_1중간_주관식_정답.pdf,2019_풍덕중_중2_1학기중간_해설.pdf,OK
pdf_archive\(1)1중간\(2) 중2\2020_풍덕중2_수학_1중간.pdf,2020_풍덕중2_수학_1중간.pdf,2020_풍덕중_중2_수학_1학기중간.pdf,OK
pdf_archive\(1)1중간\(2) 중2\2021_금당중2_수학_1중간.pdf,2021_금당중2_수학_1중간.pdf,2021_금당중_중2_수학_1학기중간.pdf,OK
pdf_archive\(1)1중간\(2) 중2\2021_연향중2_수학_1중간_정답.pdf,2021_연향중2_수학_1중간_정답.pdf,2021_연향중_중2_1학기중간_해설.pdf,OK
pdf_archive\(1)1중간\(2) 중2\2021_왕운중2_수학_1중간.pdf,2021_왕운중2_수학_1중간.pdf,2021_왕운중_중2_수학_1학기중간.pdf,OK
pdf_archive\(1)1중간\(2) 중2\2021_왕운중2_정답_1중간.pdf,2021_왕운중2_정답_1중간.pdf,2021_왕운중_중2_1학기중간_해설.pdf,OK
pdf_archive\(1)1중간\(2) 중2\2021_풍덕중2_수학_1중간.pdf.pdf,2021_풍덕중2_수학_1중간.pdf.pdf,2021_풍덕중_중2_수학_1학기중간.pdf,OK
pdf_archive\(1)1중간\(2) 중2\2021_풍덕중2_수학_1중간_정답.pdf,2021_풍덕중2_수학_1중간_정답.pdf,2021_풍덕중_중2_1학기중간_해설.pdf,OK
pdf_archive\(1)1중간\(2) 중2\2022_동산중2_수학_1중간.pdf,2022_동산중2_수학_1중간.pdf,2022_동산중_중2_수학_1학기중간.pdf,OK
pdf_archive\(1)1중간\(2) 중2\2022_연향중2_수학_1중간.pdf,2022_연향중2_수학_1중간.pdf,2022_연향중_중2_수학_1학기중간.pdf,OK
pdf_archive\(1)1중간\(2) 중2\2022_연향중2_정답_1중간.pdf,2022_연향중2_정답_1중간.pdf,2022_연향중_중2_1학기중간_해설.pdf,OK
pdf_archive\(1)1중간\(2) 중2\2023_금당중2_수학_1중간_정답.pdf,2023_금당중2_수학_1중간_정답.pdf,2023_금당중_중2_1학기중간_해설.pdf,OK
pdf_archive\(1)1중간\(2) 중2\2023_금당중2_정답_1중간.pdf,2023_금당중2_정답_1중간.pdf,2023_금당중_중2_1학기중간_해설.pdf,OK
pdf_archive\(1)1중간\(2) 중2\2023_신흥중2_수학_1중간.pdf,2023_신흥중2_수학_1중간.pdf,2023_신흥중_중2_수학_1학기중간.pdf,OK
pdf_archive\(1)1중간\(2) 중2\2023_신흥중2_수학_1중간_해설.pdf,2023_신흥중2_수학_1중간_해설.pdf,2023_신흥중_중2_1학기중간_해설.pdf,OK
pdf_archive\(1)1중간\(2) 중2\2023_연향중2_수학_1중간_해설.pdf,2023_연향중2_수학_1중간_해설.pdf,2023_연향중_중2_1학기중간_해설.pdf,OK
pdf_archive\(1)1중간\(2) 중2\2023_왕운중2_수학_1중간_정답.pdf,2023_왕운중2_수학_1중간_정답.pdf,2023_왕운중_중2_1학기중간_해설.pdf,OK
pdf_archive\(1)1중간\(2) 중2\2024_금당중2_수학_1중간.pdf,2024_금당중2_수학_1중간.pdf,2024_금당중_중2_수학_1학기중간.pdf,OK
pdf_archive\(1)1중간\(2) 중2\2025_연향중2_수학_1중간.pdf,2025_연향중2_수학_1중간.pdf,2025_연향중_중2_수학_1학기중간.pdf,OK
pdf_archive\(1)1중간\(2) 중2\2025_연향중2_수학_1중간_해설.pdf,2025_연향중2_수학_1중간_해설.pdf,2025_연향중_중2_1학기중간_해설.pdf,OK
pdf_archive\(1)1중간\(2) 중2\2025_연향중2_정답_1중간.pdf,2025_연향중2_정답_1중간.pdf,2025_연향중_중2_1학기중간_해설.pdf,OK
pdf_archive\(1)1중간\(2) 중2\2025_왕운중2_수학_1중간.pdf,2025_왕운중2_수학_1중간.pdf,2025_왕운중_중2_수학_1학기중간.pdf,OK
pdf_archive\(1)1중간\(2) 중2\2025_왕운중2_수학_1중간_해설.pdf,2025_왕운중2_수학_1중간_해설.pdf,2025_왕운중_중2_1학기중간_해설.pdf,OK
pdf_archive\(1)1중간\(3) 중3\2019_동산중3_수학_1중간.pdf,2019_동산중3_수학_1중간.pdf,2019_동산중_중3_수학_1학기중간.pdf,OK
pdf_archive\(1)1중간\(3) 중3\2019_동산중3_정답_1중간.pdf,2019_동산중3_정답_1중간.pdf,2019_동산중_중3_1학기중간_해설.pdf,OK
pdf_archive\(1)1중간\(3) 중3\2019_연향중3_수학_1중간.pdf,2019_연향중3_수학_1중간.pdf,2019_연향중_중3_수학_1학기중간.pdf,OK
pdf_archive\(1)1중간\(3) 중3\2019_연향중3_수학_1중간_정답.pdf,2019_연향중3_수학_1중간_정답.pdf,2019_연향중_중3_1학기중간_해설.pdf,OK
pdf_archive\(1)1중간\(3) 중3\2019_연향중3_정답_1중간.pdf,2019_연향중3_정답_1중간.pdf,2019_연향중_중3_1학기중간_해설.pdf,OK
pdf_archive\(1)1중간\(3) 중3\2019_풍덕중3_수학_1중간_정답.pdf,2019_풍덕중3_수학_1중간_정답.pdf,2019_풍덕중_중3_1학기중간_해설.pdf,OK
pdf_archive\(1)1중간\(3) 중3\2021_금당중3_수학_1중간.pdf,2021_금당중3_수학_1중간.pdf,2021_금당중_중3_수학_1학기중간.pdf,OK
pdf_archive\(1)1중간\(3) 중3\2021_금당중3_정답_1중간.pdf,2021_금당중3_정답_1중간.pdf,2021_금당중_중3_1학기중간_해설.pdf,OK
pdf_archive\(1)1중간\(3) 중3\2021_동산여중3_수학_1중간.pdf,2021_동산여중3_수학_1중간.pdf,2021_동산여중_중3_수학_1학기중간.pdf,OK
pdf_archive\(1)1중간\(3) 중3\2021_동산여중3_수학_1중간_정답.pdf,2021_동산여중3_수학_1중간_정답.pdf,2021_동산여중_중3_1학기중간_해설.pdf,OK
pdf_archive\(1)1중간\(3) 중3\2021_동산여중3_정답_1중간.pdf,2021_동산여중3_정답_1중간.pdf,2021_동산여중_중3_1학기중간_해설.pdf,OK
pdf_archive\(1)1중간\(3) 중3\2021_동산중3_수학_1중간.pdf,2021_동산중3_수학_1중간.pdf,2021_동산중_중3_수학_1학기중간.pdf,OK
pdf_archive\(1)1중간\(3) 중3\2021_동산중3_수학_1중간_정답.pdf,2021_동산중3_수학_1중간_정답.pdf,2021_동산중_중3_1학기중간_해설.pdf,OK
pdf_archive\(1)1중간\(3) 중3\2021_매산중3_수학_1중간.pdf,2021_매산중3_수학_1중간.pdf,2021_매산중_중3_수학_1학기중간.pdf,OK
pdf_archive\(1)1중간\(3) 중3\2021_매산중3_수학_1중간_정답.pdf,2021_매산중3_수학_1중간_정답.pdf,2021_매산중_중3_1학기중간_해설.pdf,OK
pdf_archive\(1)1중간\(3) 중3\2021_신흥중3_수학_1중간.pdf,2021_신흥중3_수학_1중간.pdf,2021_신흥중_중3_수학_1학기중간.pdf,OK
pdf_archive\(1)1중간\(3) 중3\2021_신흥중3_수학_1중간_정답.pdf,2021_신흥중3_수학_1중간_정답.pdf,2021_신흥중_중3_1학기중간_해설.pdf,OK
pdf_archive\(1)1중간\(3) 중3\2021_연향중3_수학_1중간.pdf,2021_연향중3_수학_1중간.pdf,2021_연향중_중3_수학_1학기중간.pdf,OK
pdf_archive\(1)1중간\(3) 중3\2021_연향중3_수학_1중간_정답.pdf,2021_연향중3_수학_1중간_정답.pdf,2021_연향중_중3_1학기중간_해설.pdf,OK
pdf_archive\(1)1중간\(3) 중3\2021_왕운중3_수학_1중간.pdf,2021_왕운중3_수학_1중간.pdf,2021_왕운중_중3_수학_1학기중간.pdf,OK
pdf_archive\(1)1중간\(3) 중3\2021_팔마중3_수학_1중간.pdf,2021_팔마중3_수학_1중간.pdf,2021_팔마중_중3_수학_1학기중간.pdf,OK
pdf_archive\(1)1중간\(3) 중3\2021_풍덕중3_수학_1중간.pdf,2021_풍덕중3_수학_1중간.pdf,2021_풍덕중_중3_수학_1학기중간.pdf,OK
pdf_archive\(1)1중간\(3) 중3\2022_동산중3_수학_1중간.pdf,2022_동산중3_수학_1중간.pdf,2022_동산중_중3_수학_1학기중간.pdf,OK
pdf_archive\(1)1중간\(3) 중3\2022_동산중3_정답_1중간.pdf,2022_동산중3_정답_1중간.pdf,2022_동산중_중3_1학기중간_해설.pdf,OK
pdf_archive\(1)1중간\(3) 중3\2022_신흥중3_수학_1중간.pdf,2022_신흥중3_수학_1중간.pdf,2022_신흥중_중3_수학_1학기중간.pdf,OK
pdf_archive\(1)1중간\(3) 중3\2022_신흥중3_정답_1중간.pdf,2022_신흥중3_정답_1중간.pdf,2022_신흥중_중3_1학기중간_해설.pdf,OK
pdf_archive\(1)1중간\(3) 중3\2022_연향중3_수학_1중간.pdf,2022_연향중3_수학_1중간.pdf,2022_연향중_중3_수학_1학기중간.pdf,OK
pdf_archive\(1)1중간\(3) 중3\2022_연향중3_수학_1중간_해설.pdf,2022_연향중3_수학_1중간_해설.pdf,2022_연향중_중3_1학기중간_해설.pdf,OK
pdf_archive\(1)1중간\(3) 중3\2022_연향중3_정답_1중간.pdf,2022_연향중3_정답_1중간.pdf,2022_연향중_중3_1학기중간_해설.pdf,OK
pdf_archive\(1)1중간\(3) 중3\2022_왕운중3_수학_1중간.pdf,2022_왕운중3_수학_1중간.pdf,2022_왕운중_중3_수학_1학기중간.pdf,OK
pdf_archive\(1)1중간\(3) 중3\2022_팔마중3_수학_1중간.pdf,2022_팔마중3_수학_1중간.pdf,2022_팔마중_중3_수학_1학기중간.pdf,OK
pdf_archive\(1)1중간\(3) 중3\2022_풍덕중3_수학_1중간.pdf,2022_풍덕중3_수학_1중간.pdf,2022_풍덕중_중3_수학_1학기중간.pdf,OK
pdf_archive\(1)1중간\(3) 중3\2022_풍덕중3_수학_1중간_정답.pdf,2022_풍덕중3_수학_1중간_정답.pdf,2022_풍덕중_중3_1학기중간_해설.pdf,OK
pdf_archive\(1)1중간\(3) 중3\2022_향림중3_수학_1중간.pdf,2022_향림중3_수학_1중간.pdf,2022_향림중_중3_수학_1학기중간.pdf,OK
pdf_archive\(1)1중간\(3) 중3\2023_동산여중3_수학_1중간.pdf,2023_동산여중3_수학_1중간.pdf,2023_동산여중_중3_수학_1학기중간.pdf,OK
pdf_archive\(1)1중간\(3) 중3\2023_동산여중3_수학_1중간_해설.pdf,2023_동산여중3_수학_1중간_해설.pdf,2023_동산여중_중3_1학기중간_해설.pdf,OK
pdf_archive\(1)1중간\(3) 중3\2023_동산중3_수학_1중간.pdf,2023_동산중3_수학_1중간.pdf,2023_동산중_중3_수학_1학기중간.pdf,OK
pdf_archive\(1)1중간\(3) 중3\2023_동산중3_수학_1중간_해설.pdf,2023_동산중3_수학_1중간_해설.pdf,2023_동산중_중3_1학기중간_해설.pdf,OK
pdf_archive\(1)1중간\(3) 중3\2023_연향중3_수학_1중간.pdf,2023_연향중3_수학_1중간.pdf,2023_연향중_중3_수학_1학기중간.pdf,OK
pdf_archive\(1)1중간\(3) 중3\2023_연향중3_수학_1중간_정답.pdf,2023_연향중3_수학_1중간_정답.pdf,2023_연향중_중3_1학기중간_해설.pdf,OK
pdf_archive\(1)1중간\(3) 중3\2023_연향중3_수학_1중간_해설.pdf,2023_연향중3_수학_1중간_해설.pdf,2023_연향중_중3_1학기중간_해설.pdf,OK
pdf_archive\(1)1중간\(3) 중3\2023_연향중3_정답_1중간.pdf,2023_연향중3_정답_1중간.pdf,2023_연향중_중3_1학기중간_해설.pdf,OK
pdf_archive\(1)1중간\(3) 중3\2023_풍덕중3_수학_1중간.pdf,2023_풍덕중3_수학_1중간.pdf,2023_풍덕중_중3_수학_1학기중간.pdf,OK
pdf_archive\(1)1중간\(3) 중3\2023_풍덕중3_수학_1중간_정답.pdf,2023_풍덕중3_수학_1중간_정답.pdf,2023_풍덕중_중3_1학기중간_해설.pdf,OK
pdf_archive\(1)1중간\(3) 중3\2023_풍덕중3_수학_1중간_해설.pdf,2023_풍덕중3_수학_1중간_해설.pdf,2023_풍덕중_중3_1학기중간_해설.pdf,OK
pdf_archive\(1)1중간\(3) 중3\2023_향림중3_수학_1중간.pdf,2023_향림중3_수학_1중간.pdf,2023_향림중_중3_수학_1학기중간.pdf,OK
pdf_archive\(1)1중간\(3) 중3\2024_금당중3_수학_1중간.pdf,2024_금당중3_수학_1중간.pdf,2024_금당중_중3_수학_1학기중간.pdf,OK
pdf_archive\(1)1중간\(3) 중3\2024_금당중3_수학_1중간_해설.pdf,2024_금당중3_수학_1중간_해설.pdf,2024_금당중_중3_1학기중간_해설.pdf,OK
pdf_archive\(1)1중간\(3) 중3\2024_삼산중3_수학_1중간.pdf,2024_삼산중3_수학_1중간.pdf,2024_삼산중_중3_수학_1학기중간.pdf,OK
pdf_archive\(1)1중간\(3) 중3\2024_신흥중3_수학_1중간.pdf,2024_신흥중3_수학_1중간.pdf,2024_신흥중_중3_수학_1학기중간.pdf,OK
pdf_archive\(1)1중간\(3) 중3\2024_왕운중3_수학_1중간.pdf,2024_왕운중3_수학_1중간.pdf,2024_왕운중_중3_수학_1학기중간.pdf,OK
pdf_archive\(1)1중간\(3) 중3\2024_왕운중3_수학_1중간_정답.pdf,2024_왕운중3_수학_1중간_정답.pdf,2024_왕운중_중3_1학기중간_해설.pdf,OK
pdf_archive\(1)1중간\(3) 중3\2024_이수중3_수학_1중간.pdf,2024_이수중3_수학_1중간.pdf,2024_이수중_중3_수학_1학기중간.pdf,OK
pdf_archive\(1)1중간\(3) 중3\2024_이수중3_수학_1중간_해설.pdf,2024_이수중3_수학_1중간_해설.pdf,2024_이수중_중3_1학기중간_해설.pdf,OK
pdf_archive\(1)1중간\(3) 중3\2024_향림중3_수학_1중간.pdf,2024_향림중3_수학_1중간.pdf,2024_향림중_중3_수학_1학기중간.pdf,OK
pdf_archive\(1)1중간\(3) 중3\2024_향림중3_수학_1중간_정답.pdf,2024_향림중3_수학_1중간_정답.pdf,2024_향림중_중3_1학기중간_해설.pdf,OK
pdf_archive\(1)1중간\(3) 중3\2025_금당중3_수학_1중간.pdf,2025_금당중3_수학_1중간.pdf,2025_금당중_중3_수학_1학기중간.pdf,OK
pdf_archive\(1)1중간\(3) 중3\2025_금당중3_수학_1중간_해설.pdf,2025_금당중3_수학_1중간_해설.pdf,2025_금당중_중3_1학기중간_해설.pdf,OK
pdf_archive\(1)1중간\(3) 중3\2025_신흥중3_수학_1중간.pdf,2025_신흥중3_수학_1중간.pdf,2025_신흥중_중3_수학_1학기중간.pdf,OK
pdf_archive\(1)1중간\(3) 중3\2025_신흥중3_수학_1중간_해설.pdf,2025_신흥중3_수학_1중간_해설.pdf,2025_신흥중_중3_1학기중간_해설.pdf,OK
pdf_archive\(1)1중간\(3) 중3\2025_신흥중3_정답_1중간.pdf,2025_신흥중3_정답_1중간.pdf,2025_신흥중_중3_1학기중간_해설.pdf,OK
pdf_archive\(1)1중간\(3) 중3\2025_연향중3_수학_1중간.pdf,2025_연향중3_수학_1중간.pdf,2025_연향중_중3_수학_1학기중간.pdf,OK
pdf_archive\(1)1중간\(3) 중3\2025_왕운중3_수학_1중간.pdf,2025_왕운중3_수학_1중간.pdf,2025_왕운중_중3_수학_1학기중간.pdf,OK
pdf_archive\(1)1중간\(4) 고1 수학(상)\2019_강남고1_1중간_문제 및 정답.pdf,2019_강남고1_1중간_문제 및 정답.pdf,2019_강남고_고1_1학기중간_해설.pdf,OK
pdf_archive\(1)1중간\(4) 고1 수학(상)\2019_강남고1_1중간_풀이.pdf,2019_강남고1_1중간_풀이.pdf,2019_강남고_고1_1학기중간_해설.pdf,OK
pdf_archive\(1)1중간\(4) 고1 수학(상)\2019_강남고2_수1_1중간.pdf,2019_강남고2_수1_1중간.pdf,2019_강남고_고2_수1_1학기중간.pdf,OK
pdf_archive\(1)1중간\(4) 고1 수학(상)\2019_강남고2_수1_1중간_해설.pdf,2019_강남고2_수1_1중간_해설.pdf,2019_강남고_고2_1학기중간_해설.pdf,OK
pdf_archive\(1)1중간\(4) 고1 수학(상)\2019_금당고1_1중간_이차함수.pdf,2019_금당고1_1중간_이차함수.pdf,2019_금당고_고1_수학_1학기중간.pdf,OK
pdf_archive\(1)1중간\(4) 고1 수학(상)\2019_금당고1_1중간_이차함수_정답.pdf,2019_금당고1_1중간_이차함수_정답.pdf,2019_금당고_고1_1학기중간_해설.pdf,OK
pdf_archive\(1)1중간\(4) 고1 수학(상)\2019_금당고1_1중간_이차함수_풀이.pdf,2019_금당고1_1중간_이차함수_풀이.pdf,2019_금당고_고1_1학기중간_해설.pdf,OK
pdf_archive\(1)1중간\(4) 고1 수학(상)\2019_금당고1_1중간_이차함수_풀이2.pdf,2019_금당고1_1중간_이차함수_풀이2.pdf,2019_금당고_고1_1학기중간_해설.pdf,OK
pdf_archive\(1)1중간\(4) 고1 수학(상)\2019_매산고1_1중간.pdf,2019_매산고1_1중간.pdf,2019_매산고_고1_수학_1학기중간.pdf,OK
pdf_archive\(1)1중간\(4) 고1 수학(상)\2019_매산고1_1중간_해설.pdf,2019_매산고1_1중간_해설.pdf,2019_매산고_고1_1학기중간_해설.pdf,OK
pdf_archive\(1)1중간\(4) 고1 수학(상)\2019_매여고1_1중간_-이차함수.pdf,2019_매여고1_1중간_-이차함수.pdf,2019_매여고_고1_수학_1학기중간.pdf,OK
pdf_archive\(1)1중간\(4) 고1 수학(상)\2019_매여고1_1중간_-이차함수_풀이.pdf,2019_매여고1_1중간_-이차함수_풀이.pdf,2019_매여고_고1_1학기중간_해설.pdf,OK
pdf_archive\(1)1중간\(4) 고1 수학(상)\2019_복성고1_1중간.pdf,2019_복성고1_1중간.pdf,2019_복성고_고1_수학_1학기중간.pdf,OK
pdf_archive\(1)1중간\(4) 고1 수학(상)\2019_복성고1_1중간_풀이.pdf,2019_복성고1_1중간_풀이.pdf,2019_복성고_고1_1학기중간_해설.pdf,OK
pdf_archive\(1)1중간\(4) 고1 수학(상)\2019_순여고1_1중간.pdf,2019_순여고1_1중간.pdf,2019_순여고_고1_수학_1학기중간.pdf,OK
pdf_archive\(1)1중간\(4) 고1 수학(상)\2019_순여고1_1중간_정답.pdf,2019_순여고1_1중간_정답.pdf,2019_순여고_고1_1학기중간_해설.pdf,OK
pdf_archive\(1)1중간\(4) 고1 수학(상)\2019_순여고1_1중간_정답_풀이.pdf,2019_순여고1_1중간_정답_풀이.pdf,2019_순여고_고1_1학기중간_해설.pdf,OK
pdf_archive\(1)1중간\(4) 고1 수학(상)\2019_순여고1_1중간_풀이.pdf,2019_순여고1_1중간_풀이.pdf,2019_순여고_고1_1학기중간_해설.pdf,OK
pdf_archive\(1)1중간\(4) 고1 수학(상)\2019_순천고1_1중간_-평면좌표앞.pdf,2019_순천고1_1중간_-평면좌표앞.pdf,2019_순천고_고1_수학_1학기중간.pdf,OK
pdf_archive\(1)1중간\(4) 고1 수학(상)\2019_순천고1_1중간_풀이.pdf,2019_순천고1_1중간_풀이.pdf,2019_순천고_고1_1학기중간_해설.pdf,OK
pdf_archive\(1)1중간\(4) 고1 수학(상)\2019_청암고1_1중간_보건경영.pdf,2019_청암고1_1중간_보건경영.pdf,2019_청암고_고1_수학_1학기중간.pdf,OK
pdf_archive\(1)1중간\(4) 고1 수학(상)\2019_청암고1_1중간_보건경영_정답.pdf,2019_청암고1_1중간_보건경영_정답.pdf,2019_청암고_고1_1학기중간_해설.pdf,OK
pdf_archive\(1)1중간\(4) 고1 수학(상)\2019_팔마고1_1중간_-평면좌표앞.pdf,2019_팔마고1_1중간_-평면좌표앞.pdf,2019_팔마고_고1_수학_1학기중간.pdf,OK
pdf_archive\(1)1중간\(4) 고1 수학(상)\2019_팔마고1_1중간_-평면좌표앞_풀이.pdf,2019_팔마고1_1중간_-평면좌표앞_풀이.pdf,2019_팔마고_고1_1학기중간_해설.pdf,OK
pdf_archive\(1)1중간\(4) 고1 수학(상)\2019_팔마고1_1중간_정답.pdf,2019_팔마고1_1중간_정답.pdf,2019_팔마고_고1_1학기중간_해설.pdf,OK
pdf_archive\(1)1중간\(4) 고1 수학(상)\2019_효천고1_1중간.pdf,2019_효천고1_1중간.pdf,2019_효천고_고1_수학_1학기중간.pdf,OK
pdf_archive\(1)1중간\(4) 고1 수학(상)\2019_효천고1_1중간_해설.pdf,2019_효천고1_1중간_해설.pdf,2019_효천고_고1_1학기중간_해설.pdf,OK
pdf_archive\(1)1중간\(4) 고1 수학(상)\2020_금당고1_1중간_-평면좌표앞.pdf,2020_금당고1_1중간_-평면좌표앞.pdf,2020_금당고_고1_수학_1학기중간.pdf,OK
pdf_archive\(1)1중간\(4) 고1 수학(상)\2020_금당고1_1중간_-평면좌표앞_해설.pdf,2020_금당고1_1중간_-평면좌표앞_해설.pdf,2020_금당고_고1_1학기중간_해설.pdf,OK
pdf_archive\(1)1중간\(4) 고1 수학(상)\2020_매산고1_1중간.pdf,2020_매산고1_1중간.pdf,2020_매산고_고1_수학_1학기중간.pdf,OK
pdf_archive\(1)1중간\(4) 고1 수학(상)\2020_매산고1_1중간_정답.pdf,2020_매산고1_1중간_정답.pdf,2020_매산고_고1_1학기중간_해설.pdf,OK
pdf_archive\(1)1중간\(4) 고1 수학(상)\2020_매산고1_1중간_해설.pdf,2020_매산고1_1중간_해설.pdf,2020_매산고_고1_1학기중간_해설.pdf,OK
pdf_archive\(1)1중간\(4) 고1 수학(상)\2020_매여고1_1중간.pdf,2020_매여고1_1중간.pdf,2020_매여고_고1_수학_1학기중간.pdf,OK
pdf_archive\(1)1중간\(4) 고1 수학(상)\2020_매여고1_1중간_해설.pdf,2020_매여고1_1중간_해설.pdf,2020_매여고_고1_1학기중간_해설.pdf,OK
pdf_archive\(1)1중간\(4) 고1 수학(상)\2020_순여고1_1중간.pdf,2020_순여고1_1중간.pdf,2020_순여고_고1_수학_1학기중간.pdf,OK
pdf_archive\(1)1중간\(4) 고1 수학(상)\2020_순여고1_1중간_정답_풀이.pdf,2020_순여고1_1중간_정답_풀이.pdf,2020_순여고_고1_1학기중간_해설.pdf,OK
pdf_archive\(1)1중간\(4) 고1 수학(상)\2020_순천고1_1중간.pdf,2020_순천고1_1중간.pdf,2020_순천고_고1_수학_1학기중간.pdf,OK
pdf_archive\(1)1중간\(4) 고1 수학(상)\2020_순천고1_1중간_정답_풀이.pdf,2020_순천고1_1중간_정답_풀이.pdf,2020_순천고_고1_1학기중간_해설.pdf,OK
pdf_archive\(1)1중간\(4) 고1 수학(상)\2020_효천고1_1중간.pdf,2020_효천고1_1중간.pdf,2020_효천고_고1_수학_1학기중간.pdf,OK
pdf_archive\(1)1중간\(4) 고1 수학(상)\2020_효천고1_1중간_해설.pdf,2020_효천고1_1중간_해설.pdf,2020_효천고_고1_1학기중간_해설.pdf,OK
pdf_archive\(1)1중간\(4) 고1 수학(상)\2021_강남여1_1중간.pdf,2021_강남여1_1중간.pdf,2021_강남여_중1_수학_1학기중간.pdf,OK
pdf_archive\(1)1중간\(4) 고1 수학(상)\2021_강남여1_1중간_풀이.pdf,2021_강남여1_1중간_풀이.pdf,2021_강남여_중1_1학기중간_해설.pdf,OK
pdf_archive\(1)1중간\(4) 고1 수학(상)\2021_금당고1_1중간.pdf,2021_금당고1_1중간.pdf,2021_금당고_고1_수학_1학기중간.pdf,OK
pdf_archive\(1)1중간\(4) 고1 수학(상)\2021_금당고1_1중간_풀이.pdf,2021_금당고1_1중간_풀이.pdf,2021_금당고_고1_1학기중간_해설.pdf,OK
pdf_archive\(1)1중간\(4) 고1 수학(상)\2021_매산고1_1중간.pdf,2021_매산고1_1중간.pdf,2021_매산고_고1_수학_1학기중간.pdf,OK
pdf_archive\(1)1중간\(4) 고1 수학(상)\2021_매산고1_1중간_풀이.pdf,2021_매산고1_1중간_풀이.pdf,2021_매산고_고1_1학기중간_해설.pdf,OK
pdf_archive\(1)1중간\(4) 고1 수학(상)\2021_매산고1_1중간_풀이2.pdf,2021_매산고1_1중간_풀이2.pdf,2021_매산고_고1_1학기중간_해설.pdf,OK
pdf_archive\(1)1중간\(4) 고1 수학(상)\2021_매여고1_1중간.pdf,2021_매여고1_1중간.pdf,2021_매여고_고1_수학_1학기중간.pdf,OK
pdf_archive\(1)1중간\(4) 고1 수학(상)\2021_매여고1_1중간_풀이.pdf,2021_매여고1_1중간_풀이.pdf,2021_매여고_고1_1학기중간_해설.pdf,OK
pdf_archive\(1)1중간\(4) 고1 수학(상)\2021_매여고1_1중간_풀이2.pdf,2021_매여고1_1중간_풀이2.pdf,2021_매여고_고1_1학기중간_해설.pdf,OK
pdf_archive\(1)1중간\(4) 고1 수학(상)\2021_복성고1_1중간.pdf,2021_복성고1_1중간.pdf,2021_복성고_고1_수학_1학기중간.pdf,OK
pdf_archive\(1)1중간\(4) 고1 수학(상)\2021_복성고1_1중간_풀이.pdf,2021_복성고1_1중간_풀이.pdf,2021_복성고_고1_1학기중간_해설.pdf,OK
pdf_archive\(1)1중간\(4) 고1 수학(상)\2021_순천고1_1중간.pdf,2021_순천고1_1중간.pdf,2021_순천고_고1_수학_1학기중간.pdf,OK
pdf_archive\(1)1중간\(4) 고1 수학(상)\2021_순천고1_1중간_풀이.pdf,2021_순천고1_1중간_풀이.pdf,2021_순천고_고1_1학기중간_해설.pdf,OK
pdf_archive\(1)1중간\(4) 고1 수학(상)\2021_제일고1_1중간.pdf,2021_제일고1_1중간.pdf,2021_제일고_고1_수학_1학기중간.pdf,OK
pdf_archive\(1)1중간\(4) 고1 수학(상)\2021_제일고1_1중간_풀이.pdf,2021_제일고1_1중간_풀이.pdf,2021_제일고_고1_1학기중간_해설.pdf,OK
pdf_archive\(1)1중간\(4) 고1 수학(상)\2021_팔마고1_1중간.pdf,2021_팔마고1_1중간.pdf,2021_팔마고_고1_수학_1학기중간.pdf,OK
pdf_archive\(1)1중간\(4) 고1 수학(상)\2021_팔마고1_1중간_풀이.pdf,2021_팔마고1_1중간_풀이.pdf,2021_팔마고_고1_1학기중간_해설.pdf,OK
pdf_archive\(1)1중간\(4) 고1 수학(상)\2021_효산고1_1중간.pdf,2021_효산고1_1중간.pdf,2021_효산고_고1_수학_1학기중간.pdf,OK
pdf_archive\(1)1중간\(4) 고1 수학(상)\2021_효산고1_1중간_정답.pdf,2021_효산고1_1중간_정답.pdf,2021_효산고_고1_1학기중간_해설.pdf,OK
pdf_archive\(1)1중간\(4) 고1 수학(상)\2021_효산고1_1중간_풀이.pdf,2021_효산고1_1중간_풀이.pdf,2021_효산고_고1_1학기중간_해설.pdf,OK
pdf_archive\(1)1중간\(4) 고1 수학(상)\2021_효천고1_1중간.pdf,2021_효천고1_1중간.pdf,2021_효천고_고1_수학_1학기중간.pdf,OK
pdf_archive\(1)1중간\(4) 고1 수학(상)\2021_효천고1_1중간_풀이.pdf,2021_효천고1_1중간_풀이.pdf,2021_효천고_고1_1학기중간_해설.pdf,OK
pdf_archive\(1)1중간\(4) 고1 수학(상)\2022_강남고1_1중간.pdf,2022_강남고1_1중간.pdf,2022_강남고_고1_수학_1학기중간.pdf,OK
pdf_archive\(1)1중간\(4) 고1 수학(상)\2022_강남고1_1중간_풀이.pdf,2022_강남고1_1중간_풀이.pdf,2022_강남고_고1_1학기중간_해설.pdf,OK
pdf_archive\(1)1중간\(4) 고1 수학(상)\2022_공업고1_1중간.pdf,2022_공업고1_1중간.pdf,2022_공업고_고1_수학_1학기중간.pdf,OK
pdf_archive\(1)1중간\(4) 고1 수학(상)\2022_공업고1_1중간_해설.pdf,2022_공업고1_1중간_해설.pdf,2022_공업고_고1_1학기중간_해설.pdf,OK
pdf_archive\(1)1중간\(4) 고1 수학(상)\2022_공업고2_1중간(평면좌표-직방).pdf,2022_공업고2_1중간(평면좌표-직방).pdf,2022_공업고_고2_수학_1학기중간.pdf,OK
pdf_archive\(1)1중간\(4) 고1 수학(상)\2022_공업고2_1중간(평면좌표-직방)_해설.pdf,2022_공업고2_1중간(평면좌표-직방)_해설.pdf,2022_공업고_고2_1학기중간_해설.pdf,OK
pdf_archive\(1)1중간\(4) 고1 수학(상)\2022_금당고1_1중간.pdf,2022_금당고1_1중간.pdf,2022_금당고_고1_수학_1학기중간.pdf,OK
pdf_archive\(1)1중간\(4) 고1 수학(상)\2022_금당고1_1중간_해설.pdf,2022_금당고1_1중간_해설.pdf,2022_금당고_고1_1학기중간_해설.pdf,OK
pdf_archive\(1)1중간\(4) 고1 수학(상)\2022_매산고1_1중간.pdf,2022_매산고1_1중간.pdf,2022_매산고_고1_수학_1학기중간.pdf,OK
pdf_archive\(1)1중간\(4) 고1 수학(상)\2022_매산고1_1중간_해설.pdf,2022_매산고1_1중간_해설.pdf,2022_매산고_고1_1학기중간_해설.pdf,OK
pdf_archive\(1)1중간\(4) 고1 수학(상)\2022_매산고1_1중간_해설2.pdf,2022_매산고1_1중간_해설2.pdf,2022_매산고_고1_1학기중간_해설.pdf,OK
pdf_archive\(1)1중간\(4) 고1 수학(상)\2022_매여고1_1중간.pdf,2022_매여고1_1중간.pdf,2022_매여고_고1_수학_1학기중간.pdf,OK
pdf_archive\(1)1중간\(4) 고1 수학(상)\2022_매여고1_1중간_해설.pdf,2022_매여고1_1중간_해설.pdf,2022_매여고_고1_1학기중간_해설.pdf,OK
pdf_archive\(1)1중간\(4) 고1 수학(상)\2022_복성고1_1중간.pdf,2022_복성고1_1중간.pdf,2022_복성고_고1_수학_1학기중간.pdf,OK
pdf_archive\(1)1중간\(4) 고1 수학(상)\2022_복성고1_1중간_해설.pdf,2022_복성고1_1중간_해설.pdf,2022_복성고_고1_1학기중간_해설.pdf,OK
pdf_archive\(1)1중간\(4) 고1 수학(상)\2022_순여고1_1중간.pdf,2022_순여고1_1중간.pdf,2022_순여고_고1_수학_1학기중간.pdf,OK
pdf_archive\(1)1중간\(4) 고1 수학(상)\2022_순여고1_1중간_정답.pdf,2022_순여고1_1중간_정답.pdf,2022_순여고_고1_1학기중간_해설.pdf,OK
pdf_archive\(1)1중간\(4) 고1 수학(상)\2022_순여고1_1중간_해설.pdf,2022_순여고1_1중간_해설.pdf,2022_순여고_고1_1학기중간_해설.pdf,OK
pdf_archive\(1)1중간\(4) 고1 수학(상)\2022_제일고1_1중간.pdf,2022_제일고1_1중간.pdf,2022_제일고_고1_수학_1학기중간.pdf,OK
pdf_archive\(1)1중간\(4) 고1 수학(상)\2022_제일고1_1중간_해설.pdf,2022_제일고1_1중간_해설.pdf,2022_제일고_고1_1학기중간_해설.pdf,OK
pdf_archive\(1)1중간\(4) 고1 수학(상)\2022_팔마고1_1중간.pdf,2022_팔마고1_1중간.pdf,2022_팔마고_고1_수학_1학기중간.pdf,OK
pdf_archive\(1)1중간\(4) 고1 수학(상)\2022_팔마고1_1중간_해설.pdf,2022_팔마고1_1중간_해설.pdf,2022_팔마고_고1_1학기중간_해설.pdf,OK
pdf_archive\(1)1중간\(4) 고1 수학(상)\2022_효산고1_1중간.pdf,2022_효산고1_1중간.pdf,2022_효산고_고1_수학_1학기중간.pdf,OK
pdf_archive\(1)1중간\(4) 고1 수학(상)\2022_효산고1_1중간_해설.pdf,2022_효산고1_1중간_해설.pdf,2022_효산고_고1_1학기중간_해설.pdf,OK
pdf_archive\(1)1중간\(4) 고1 수학(상)\2022_효천고1_1중간.pdf,2022_효천고1_1중간.pdf,2022_효천고_고1_수학_1학기중간.pdf,OK
pdf_archive\(1)1중간\(4) 고1 수학(상)\2022_효천고1_1중간_해설.pdf,2022_효천고1_1중간_해설.pdf,2022_효천고_고1_1학기중간_해설.pdf,OK
pdf_archive\(1)1중간\(4) 고1 수학(상)\2023_강남고1_1중간.pdf,2023_강남고1_1중간.pdf,2023_강남고_고1_수학_1학기중간.pdf,OK
pdf_archive\(1)1중간\(4) 고1 수학(상)\2023_강남고1_1중간_해설.pdf,2023_강남고1_1중간_해설.pdf,2023_강남고_고1_1학기중간_해설.pdf,OK
pdf_archive\(1)1중간\(4) 고1 수학(상)\2023_공업고1_1중간.pdf,2023_공업고1_1중간.pdf,2023_공업고_고1_수학_1학기중간.pdf,OK
pdf_archive\(1)1중간\(4) 고1 수학(상)\2023_공업고1_1중간_해설.pdf,2023_공업고1_1중간_해설.pdf,2023_공업고_고1_1학기중간_해설.pdf,OK
pdf_archive\(1)1중간\(4) 고1 수학(상)\2023_금당고1_1중간.pdf,2023_금당고1_1중간.pdf,2023_금당고_고1_수학_1학기중간.pdf,OK
pdf_archive\(1)1중간\(4) 고1 수학(상)\2023_금당고1_1중간_해설.pdf,2023_금당고1_1중간_해설.pdf,2023_금당고_고1_1학기중간_해설.pdf,OK
pdf_archive\(1)1중간\(4) 고1 수학(상)\2023_매산고1_1중간.pdf,2023_매산고1_1중간.pdf,2023_매산고_고1_수학_1학기중간.pdf,OK
pdf_archive\(1)1중간\(4) 고1 수학(상)\2023_매산고1_1중간_해설.pdf,2023_매산고1_1중간_해설.pdf,2023_매산고_고1_1학기중간_해설.pdf,OK
pdf_archive\(1)1중간\(4) 고1 수학(상)\2023_매산고1_1중간_해설2.pdf,2023_매산고1_1중간_해설2.pdf,2023_매산고_고1_1학기중간_해설.pdf,OK
pdf_archive\(1)1중간\(4) 고1 수학(상)\2023_매여고1_1중간.pdf,2023_매여고1_1중간.pdf,2023_매여고_고1_수학_1학기중간.pdf,OK
pdf_archive\(1)1중간\(4) 고1 수학(상)\2023_매여고1_1중간_해설.pdf,2023_매여고1_1중간_해설.pdf,2023_매여고_고1_1학기중간_해설.pdf,OK
pdf_archive\(1)1중간\(4) 고1 수학(상)\2023_매여고1_1중간_해설2.pdf,2023_매여고1_1중간_해설2.pdf,2023_매여고_고1_1학기중간_해설.pdf,OK
pdf_archive\(1)1중간\(4) 고1 수학(상)\2023_복성고1_1중간_해설.pdf,2023_복성고1_1중간_해설.pdf,2023_복성고_고1_1학기중간_해설.pdf,OK
pdf_archive\(1)1중간\(4) 고1 수학(상)\2023_순여고1_1중간.pdf,2023_순여고1_1중간.pdf,2023_순여고_고1_수학_1학기중간.pdf,OK
pdf_archive\(1)1중간\(4) 고1 수학(상)\2023_순여고1_1중간_해설.pdf,2023_순여고1_1중간_해설.pdf,2023_순여고_고1_1학기중간_해설.pdf,OK
pdf_archive\(1)1중간\(4) 고1 수학(상)\2023_순천고1_1중간.pdf,2023_순천고1_1중간.pdf,2023_순천고_고1_수학_1학기중간.pdf,OK
pdf_archive\(1)1중간\(4) 고1 수학(상)\2023_순천고1_1중간_해설.pdf,2023_순천고1_1중간_해설.pdf,2023_순천고_고1_1학기중간_해설.pdf,OK
pdf_archive\(1)1중간\(4) 고1 수학(상)\2023_제일고1_1중간.pdf,2023_제일고1_1중간.pdf,2023_제일고_고1_수학_1학기중간.pdf,OK
pdf_archive\(1)1중간\(4) 고1 수학(상)\2023_제일고1_1중간_해설.pdf,2023_제일고1_1중간_해설.pdf,2023_제일고_고1_1학기중간_해설.pdf,OK
pdf_archive\(1)1중간\(4) 고1 수학(상)\2023_청암고1_1중간.pdf,2023_청암고1_1중간.pdf,2023_청암고_고1_수학_1학기중간.pdf,OK
pdf_archive\(1)1중간\(4) 고1 수학(상)\2023_청암고1_1중간_해설.pdf,2023_청암고1_1중간_해설.pdf,2023_청암고_고1_1학기중간_해설.pdf,OK
pdf_archive\(1)1중간\(4) 고1 수학(상)\2023_팔마고1_1중간.pdf,2023_팔마고1_1중간.pdf,2023_팔마고_고1_수학_1학기중간.pdf,OK
pdf_archive\(1)1중간\(4) 고1 수학(상)\2023_팔마고1_1중간_해설.pdf,2023_팔마고1_1중간_해설.pdf,2023_팔마고_고1_1학기중간_해설.pdf,OK
pdf_archive\(1)1중간\(4) 고1 수학(상)\2023_효산고1_1중간.pdf,2023_효산고1_1중간.pdf,2023_효산고_고1_수학_1학기중간.pdf,OK
pdf_archive\(1)1중간\(4) 고1 수학(상)\2023_효산고1_1중간_해설.pdf,2023_효산고1_1중간_해설.pdf,2023_효산고_고1_1학기중간_해설.pdf,OK
pdf_archive\(1)1중간\(4) 고1 수학(상)\2024_강남고1_1중간.pdf,2024_강남고1_1중간.pdf,2024_강남고_고1_수학_1학기중간.pdf,OK
pdf_archive\(1)1중간\(4) 고1 수학(상)\2024_강남고1_1중간_정답.pdf,2024_강남고1_1중간_정답.pdf,2024_강남고_고1_1학기중간_해설.pdf,OK
pdf_archive\(1)1중간\(4) 고1 수학(상)\2024_강남고1_1중간_해설.pdf,2024_강남고1_1중간_해설.pdf,2024_강남고_고1_1학기중간_해설.pdf,OK
pdf_archive\(1)1중간\(4) 고1 수학(상)\2024_공업고1_1중간.pdf,2024_공업고1_1중간.pdf,2024_공업고_고1_수학_1학기중간.pdf,OK
pdf_archive\(1)1중간\(4) 고1 수학(상)\2024_공업고1_1중간_해설.pdf,2024_공업고1_1중간_해설.pdf,2024_공업고_고1_1학기중간_해설.pdf,OK
pdf_archive\(1)1중간\(4) 고1 수학(상)\2024_금당고1_1중간.pdf,2024_금당고1_1중간.pdf,2024_금당고_고1_수학_1학기중간.pdf,OK
pdf_archive\(1)1중간\(4) 고1 수학(상)\2024_금당고1_1중간_해설.pdf,2024_금당고1_1중간_해설.pdf,2024_금당고_고1_1학기중간_해설.pdf,OK
pdf_archive\(1)1중간\(4) 고1 수학(상)\2024_매산고1_1중간.pdf,2024_매산고1_1중간.pdf,2024_매산고_고1_수학_1학기중간.pdf,OK
pdf_archive\(1)1중간\(4) 고1 수학(상)\2024_매산고1_1중간_해설.pdf,2024_매산고1_1중간_해설.pdf,2024_매산고_고1_1학기중간_해설.pdf,OK
pdf_archive\(1)1중간\(4) 고1 수학(상)\2024_매여고1_1중간.pdf,2024_매여고1_1중간.pdf,2024_매여고_고1_수학_1학기중간.pdf,OK
pdf_archive\(1)1중간\(4) 고1 수학(상)\2024_매여고1_1중간_정답.pdf,2024_매여고1_1중간_정답.pdf,2024_매여고_고1_1학기중간_해설.pdf,OK
pdf_archive\(1)1중간\(4) 고1 수학(상)\2024_매여고1_1중간_해설.pdf,2024_매여고1_1중간_해설.pdf,2024_매여고_고1_1학기중간_해설.pdf,OK
pdf_archive\(1)1중간\(4) 고1 수학(상)\2024_순여고1_1중간.pdf,2024_순여고1_1중간.pdf,2024_순여고_고1_수학_1학기중간.pdf,OK
pdf_archive\(1)1중간\(4) 고1 수학(상)\2024_순여고1_1중간_해설.pdf,2024_순여고1_1중간_해설.pdf,2024_순여고_고1_1학기중간_해설.pdf,OK
pdf_archive\(1)1중간\(4) 고1 수학(상)\2024_순천고1_1중간.pdf,2024_순천고1_1중간.pdf,2024_순천고_고1_수학_1학기중간.pdf,OK
pdf_archive\(1)1중간\(4) 고1 수학(상)\2024_순천고1_1중간_해설.pdf,2024_순천고1_1중간_해설.pdf,2024_순천고_고1_1학기중간_해설.pdf,OK
pdf_archive\(1)1중간\(4) 고1 수학(상)\2024_제일고1_1중간.pdf,2024_제일고1_1중간.pdf,2024_제일고_고1_수학_1학기중간.pdf,OK
pdf_archive\(1)1중간\(4) 고1 수학(상)\2024_제일고1_1중간_해설.pdf,2024_제일고1_1중간_해설.pdf,2024_제일고_고1_1학기중간_해설.pdf,OK
pdf_archive\(1)1중간\(4) 고1 수학(상)\2024_청암고1_1중간_금융.pdf,2024_청암고1_1중간_금융.pdf,2024_청암고_고1_수학_1학기중간.pdf,OK
pdf_archive\(1)1중간\(4) 고1 수학(상)\2024_청암고1_1중간_금융_해설.pdf,2024_청암고1_1중간_금융_해설.pdf,2024_청암고_고1_1학기중간_해설.pdf,OK
pdf_archive\(1)1중간\(4) 고1 수학(상)\2024_청암고1_1중간_보건간호.pdf,2024_청암고1_1중간_보건간호.pdf,2024_청암고_고1_수학_1학기중간.pdf,OK
pdf_archive\(1)1중간\(4) 고1 수학(상)\2024_청암고1_1중간_보건간호_해설.pdf,2024_청암고1_1중간_보건간호_해설.pdf,2024_청암고_고1_1학기중간_해설.pdf,OK
pdf_archive\(1)1중간\(4) 고1 수학(상)\2024_팔마고1_1중간.pdf,2024_팔마고1_1중간.pdf,2024_팔마고_고1_수학_1학기중간.pdf,OK
pdf_archive\(1)1중간\(4) 고1 수학(상)\2024_팔마고1_1중간_해설.pdf,2024_팔마고1_1중간_해설.pdf,2024_팔마고_고1_1학기중간_해설.pdf,OK
pdf_archive\(1)1중간\(4) 고1 수학(상)\2024_팔마고1_수학상_1중간.pdf,2024_팔마고1_수학상_1중간.pdf,2024_팔마고_고1_수학_1학기중간.pdf,OK
pdf_archive\(1)1중간\(4) 고1 수학(상)\2024_팔마고1_수학상_1중간_해설.pdf,2024_팔마고1_수학상_1중간_해설.pdf,2024_팔마고_고1_1학기중간_해설.pdf,OK
pdf_archive\(1)1중간\(4) 고1 수학(상)\2024_효천고1_1중간.pdf,2024_효천고1_1중간.pdf,2024_효천고_고1_수학_1학기중간.pdf,OK
pdf_archive\(1)1중간\(4) 고1 수학(상)\2024_효천고1_1중간_정답.pdf,2024_효천고1_1중간_정답.pdf,2024_효천고_고1_1학기중간_해설.pdf,OK
pdf_archive\(1)1중간\(4) 고1 수학(상)\2024_효천고1_1중간_해설.pdf,2024_효천고1_1중간_해설.pdf,2024_효천고_고1_1학기중간_해설.pdf,OK
pdf_archive\(1)1중간\(4) 고1 수학(상)\2024_효천고1_수학상_1중간.pdf,2024_효천고1_수학상_1중간.pdf,2024_효천고_고1_수학_1학기중간.pdf,OK
pdf_archive\(1)1중간\(4) 고1 수학(상)\2024_효천고1_수학상_1중간_정답.pdf,2024_효천고1_수학상_1중간_정답.pdf,2024_효천고_고1_1학기중간_해설.pdf,OK
pdf_archive\(1)1중간\(4) 고1 수학(상)\2024_효천고1_수학상_1중간_해설.pdf,2024_효천고1_수학상_1중간_해설.pdf,2024_효천고_고1_1학기중간_해설.pdf,OK
pdf_archive\(1)1중간\(4) 고1 수학(상)\2025_금댱고1_1중간.pdf,2025_금댱고1_1중간.pdf,2025_금댱고_고1_수학_1학기중간.pdf,OK
pdf_archive\(1)1중간\(4) 고1 수학(상)\2025_순여고1_1중간_해설.pdf,2025_순여고1_1중간_해설.pdf,2025_순여고_고1_1학기중간_해설.pdf,OK
pdf_archive\(1)1중간\(4) 고1 수학(상)\2025_제일고1_1중간.pdf,2025_제일고1_1중간.pdf,2025_제일고_고1_수학_1학기중간.pdf,OK
pdf_archive\(1)1중간\(5) 수1\2019_강남고2_수1_1중간.pdf,2019_강남고2_수1_1중간.pdf,2019_강남고_고2_수1_1학기중간.pdf,OK
pdf_archive\(1)1중간\(5) 수1\2019_강남고2_수1_1중간_정답.pdf,2019_강남고2_수1_1중간_정답.pdf,2019_강남고_고2_1학기중간_해설.pdf,OK
pdf_archive\(1)1중간\(5) 수1\2019_강남고2_수1_1중간_해설.pdf,2019_강남고2_수1_1중간_해설.pdf,2019_강남고_고2_1학기중간_해설.pdf,OK
pdf_archive\(1)1중간\(5) 수1\2019_금당고2_수1_1중간.pdf,2019_금당고2_수1_1중간.pdf,2019_금당고_고2_수1_1학기중간.pdf,OK
pdf_archive\(1)1중간\(5) 수1\2019_금당고2_수1_1중간_해설.pdf,2019_금당고2_수1_1중간_해설.pdf,2019_금당고_고2_1학기중간_해설.pdf,OK
pdf_archive\(1)1중간\(5) 수1\2019_매산고2_수1_1중간.pdf,2019_매산고2_수1_1중간.pdf,2019_매산고_고2_수1_1학기중간.pdf,OK
pdf_archive\(1)1중간\(5) 수1\2019_매산고2_수1_1중간_정답.pdf,2019_매산고2_수1_1중간_정답.pdf,2019_매산고_고2_1학기중간_해설.pdf,OK
pdf_archive\(1)1중간\(5) 수1\2019_매산고2_수1_1중간_해설.pdf,2019_매산고2_수1_1중간_해설.pdf,2019_매산고_고2_1학기중간_해설.pdf,OK
pdf_archive\(1)1중간\(5) 수1\2019_매산고2_수1_1중간_해설2.pdf,2019_매산고2_수1_1중간_해설2.pdf,2019_매산고_고2_1학기중간_해설.pdf,OK
pdf_archive\(1)1중간\(5) 수1\2019_매여고2_수1_1중간.pdf,2019_매여고2_수1_1중간.pdf,2019_매여고_고2_수1_1학기중간.pdf,OK
pdf_archive\(1)1중간\(5) 수1\2019_매여고2_수1_1중간_정답.pdf,2019_매여고2_수1_1중간_정답.pdf,2019_매여고_고2_1학기중간_해설.pdf,OK
pdf_archive\(1)1중간\(5) 수1\2019_매여고2_수1_1중간_해설.pdf,2019_매여고2_수1_1중간_해설.pdf,2019_매여고_고2_1학기중간_해설.pdf,OK
pdf_archive\(1)1중간\(5) 수1\2019_매여고2_수1_1중간_해설2.pdf,2019_매여고2_수1_1중간_해설2.pdf,2019_매여고_고2_1학기중간_해설.pdf,OK
pdf_archive\(1)1중간\(5) 수1\2019_순여고2_수1_1중간.pdf,2019_순여고2_수1_1중간.pdf,2019_순여고_고2_수1_1학기중간.pdf,OK
pdf_archive\(1)1중간\(5) 수1\2019_순여고2_수1_1중간_정답.pdf,2019_순여고2_수1_1중간_정답.pdf,2019_순여고_고2_1학기중간_해설.pdf,OK
pdf_archive\(1)1중간\(5) 수1\2019_순여고2_수1_1중간_해설.pdf,2019_순여고2_수1_1중간_해설.pdf,2019_순여고_고2_1학기중간_해설.pdf,OK
pdf_archive\(1)1중간\(5) 수1\2019_청암고2_1중간_보건경영.pdf,2019_청암고2_1중간_보건경영.pdf,2019_청암고_고2_수학_1학기중간.pdf,OK
pdf_archive\(1)1중간\(5) 수1\2019_청암고2_1중간_보건경영_정답.pdf,2019_청암고2_1중간_보건경영_정답.pdf,2019_청암고_고2_1학기중간_해설.pdf,OK
pdf_archive\(1)1중간\(5) 수1\2019_청암고2_수1_1중간_보건경영.pdf,2019_청암고2_수1_1중간_보건경영.pdf,2019_청암고_고2_수1_1학기중간.pdf,OK
pdf_archive\(1)1중간\(5) 수1\2019_청암고2_수1_1중간_보건경영_정답.pdf,2019_청암고2_수1_1중간_보건경영_정답.pdf,2019_청암고_고2_1학기중간_해설.pdf,OK
pdf_archive\(1)1중간\(5) 수1\2020_매산고2_수1_1중간.pdf,2020_매산고2_수1_1중간.pdf,2020_매산고_고2_수1_1학기중간.pdf,OK
pdf_archive\(1)1중간\(5) 수1\2020_매산고2_수1_1중간_해설.pdf,2020_매산고2_수1_1중간_해설.pdf,2020_매산고_고2_1학기중간_해설.pdf,OK
pdf_archive\(1)1중간\(5) 수1\2020_매여고2_수1_1중간.pdf,2020_매여고2_수1_1중간.pdf,2020_매여고_고2_수1_1학기중간.pdf,OK
pdf_archive\(1)1중간\(5) 수1\2020_매여고2_수1_1중간_해설.pdf,2020_매여고2_수1_1중간_해설.pdf,2020_매여고_고2_1학기중간_해설.pdf,OK
pdf_archive\(1)1중간\(5) 수1\2020_매여고2_수1_1중간_해설2.pdf,2020_매여고2_수1_1중간_해설2.pdf,2020_매여고_고2_1학기중간_해설.pdf,OK
pdf_archive\(1)1중간\(5) 수1\2020_제일고2_수1_1중간.pdf,2020_제일고2_수1_1중간.pdf,2020_제일고_고2_수1_1학기중간.pdf,OK
pdf_archive\(1)1중간\(5) 수1\2020_제일고2_수1_1중간_해설.pdf,2020_제일고2_수1_1중간_해설.pdf,2020_제일고_고2_1학기중간_해설.pdf,OK
pdf_archive\(1)1중간\(5) 수1\2021_강남고2_수1_1중간.pdf,2021_강남고2_수1_1중간.pdf,2021_강남고_고2_수1_1학기중간.pdf,OK
pdf_archive\(1)1중간\(5) 수1\2021_강남고2_수1_1중간_정답.pdf,2021_강남고2_수1_1중간_정답.pdf,2021_강남고_고2_1학기중간_해설.pdf,OK
pdf_archive\(1)1중간\(5) 수1\2021_강남고2_수1_1중간_해설.pdf,2021_강남고2_수1_1중간_해설.pdf,2021_강남고_고2_1학기중간_해설.pdf,OK
pdf_archive\(1)1중간\(5) 수1\2021_금당고2_수1_1중간.pdf,2021_금당고2_수1_1중간.pdf,2021_금당고_고2_수1_1학기중간.pdf,OK
pdf_archive\(1)1중간\(5) 수1\2021_금당고2_수1_1중간_해설.pdf,2021_금당고2_수1_1중간_해설.pdf,2021_금당고_고2_1학기중간_해설.pdf,OK
pdf_archive\(1)1중간\(5) 수1\2021_기출통합_수1_1중간.pdf,2021_기출통합_수1_1중간.pdf,2021_수_중1_수1_1학기중간.pdf,OK
pdf_archive\(1)1중간\(5) 수1\2021_매산고2_수1_1중간.pdf,2021_매산고2_수1_1중간.pdf,2021_매산고_고2_수1_1학기중간.pdf,OK
pdf_archive\(1)1중간\(5) 수1\2021_매산고2_수1_1중간_정답.pdf,2021_매산고2_수1_1중간_정답.pdf,2021_매산고_고2_1학기중간_해설.pdf,OK
pdf_archive\(1)1중간\(5) 수1\2021_매산고2_수1_1중간_해설.pdf,2021_매산고2_수1_1중간_해설.pdf,2021_매산고_고2_1학기중간_해설.pdf,OK
pdf_archive\(1)1중간\(5) 수1\2021_매산고2_수2_1중간.pdf,2021_매산고2_수2_1중간.pdf,2021_매산고_고2_수2_1학기중간.pdf,OK
pdf_archive\(1)1중간\(5) 수1\2021_매산고2_수2_1중간_해설.pdf,2021_매산고2_수2_1중간_해설.pdf,2021_매산고_고2_1학기중간_해설.pdf,OK
pdf_archive\(1)1중간\(5) 수1\2021_매여고2_수1_1중간.pdf,2021_매여고2_수1_1중간.pdf,2021_매여고_고2_수1_1학기중간.pdf,OK
pdf_archive\(1)1중간\(5) 수1\2021_매여고2_수1_1중간_정답.pdf,2021_매여고2_수1_1중간_정답.pdf,2021_매여고_고2_1학기중간_해설.pdf,OK
pdf_archive\(1)1중간\(5) 수1\2021_매여고2_수1_1중간_해설.pdf,2021_매여고2_수1_1중간_해설.pdf,2021_매여고_고2_1학기중간_해설.pdf,OK
pdf_archive\(1)1중간\(5) 수1\2021_순여고2_수1_1중간.pdf,2021_순여고2_수1_1중간.pdf,2021_순여고_고2_수1_1학기중간.pdf,OK
pdf_archive\(1)1중간\(5) 수1\2021_순여고2_수1_1중간_해설.pdf,2021_순여고2_수1_1중간_해설.pdf,2021_순여고_고2_1학기중간_해설.pdf,OK
pdf_archive\(1)1중간\(5) 수1\2021_순천고2_수1_1중간.pdf,2021_순천고2_수1_1중간.pdf,2021_순천고_고2_수1_1학기중간.pdf,OK
pdf_archive\(1)1중간\(5) 수1\2021_순천고2_수1_1중간_해설.pdf,2021_순천고2_수1_1중간_해설.pdf,2021_순천고_고2_1학기중간_해설.pdf,OK
pdf_archive\(1)1중간\(5) 수1\2021_제일고2_수1_1중간.pdf,2021_제일고2_수1_1중간.pdf,2021_제일고_고2_수1_1학기중간.pdf,OK
pdf_archive\(1)1중간\(5) 수1\2021_제일고2_수1_1중간_해설.pdf,2021_제일고2_수1_1중간_해설.pdf,2021_제일고_고2_1학기중간_해설.pdf,OK
pdf_archive\(1)1중간\(5) 수1\2021_효천고2_수1_1중간.pdf,2021_효천고2_수1_1중간.pdf,2021_효천고_고2_수1_1학기중간.pdf,OK
pdf_archive\(1)1중간\(5) 수1\2021_효천고2_수1_1중간_해설.pdf,2021_효천고2_수1_1중간_해설.pdf,2021_효천고_고2_1학기중간_해설.pdf,OK
pdf_archive\(1)1중간\(5) 수1\2022_금당고2_수1_1중간.pdf,2022_금당고2_수1_1중간.pdf,2022_금당고_고2_수1_1학기중간.pdf,OK
pdf_archive\(1)1중간\(5) 수1\2022_금당고2_수1_1중간_해설.pdf,2022_금당고2_수1_1중간_해설.pdf,2022_금당고_고2_1학기중간_해설.pdf,OK
pdf_archive\(1)1중간\(5) 수1\2022_매산고2_수1_1중간.pdf,2022_매산고2_수1_1중간.pdf,2022_매산고_고2_수1_1학기중간.pdf,OK
pdf_archive\(1)1중간\(5) 수1\2022_매산고2_수1_1중간_해설.pdf,2022_매산고2_수1_1중간_해설.pdf,2022_매산고_고2_1학기중간_해설.pdf,OK
pdf_archive\(1)1중간\(5) 수1\2022_순천고2_수1_1중간.pdf,2022_순천고2_수1_1중간.pdf,2022_순천고_고2_수1_1학기중간.pdf,OK
pdf_archive\(1)1중간\(5) 수1\2022_순천고2_수1_1중간_해설.pdf,2022_순천고2_수1_1중간_해설.pdf,2022_순천고_고2_1학기중간_해설.pdf,OK
pdf_archive\(1)1중간\(5) 수1\2022_제일고2_수1_1중간.pdf,2022_제일고2_수1_1중간.pdf,2022_제일고_고2_수1_1학기중간.pdf,OK
pdf_archive\(1)1중간\(5) 수1\2022_제일고2_수1_1중간_해설.pdf,2022_제일고2_수1_1중간_해설.pdf,2022_제일고_고2_1학기중간_해설.pdf,OK
pdf_archive\(1)1중간\(5) 수1\2022_팔마고2_수1_1중간.pdf,2022_팔마고2_수1_1중간.pdf,2022_팔마고_고2_수1_1학기중간.pdf,OK
pdf_archive\(1)1중간\(5) 수1\2022_팔마고2_수1_1중간_해설.pdf,2022_팔마고2_수1_1중간_해설.pdf,2022_팔마고_고2_1학기중간_해설.pdf,OK
pdf_archive\(1)1중간\(5) 수1\2022_효산고2_수1_1중간.pdf,2022_효산고2_수1_1중간.pdf,2022_효산고_고2_수1_1학기중간.pdf,OK
pdf_archive\(1)1중간\(5) 수1\2022_효산고2_수1_1중간_정답.pdf,2022_효산고2_수1_1중간_정답.pdf,2022_효산고_고2_1학기중간_해설.pdf,OK
pdf_archive\(1)1중간\(5) 수1\2022_효산고2_수1_1중간_해설.pdf,2022_효산고2_수1_1중간_해설.pdf,2022_효산고_고2_1학기중간_해설.pdf,OK
pdf_archive\(1)1중간\(5) 수1\2022_효천고2_수1_1중간.pdf,2022_효천고2_수1_1중간.pdf,2022_효천고_고2_수1_1학기중간.pdf,OK
pdf_archive\(1)1중간\(5) 수1\2023_강남고2_수1_1중간.pdf,2023_강남고2_수1_1중간.pdf,2023_강남고_고2_수1_1학기중간.pdf,OK
pdf_archive\(1)1중간\(5) 수1\2023_강남고2_수1_1중간_해설.pdf,2023_강남고2_수1_1중간_해설.pdf,2023_강남고_고2_1학기중간_해설.pdf,OK
pdf_archive\(1)1중간\(5) 수1\2023_금당고2_수1_1중간.pdf,2023_금당고2_수1_1중간.pdf,2023_금당고_고2_수1_1학기중간.pdf,OK
pdf_archive\(1)1중간\(5) 수1\2023_금당고2_수1_1중간_해설.pdf,2023_금당고2_수1_1중간_해설.pdf,2023_금당고_고2_1학기중간_해설.pdf,OK
pdf_archive\(1)1중간\(5) 수1\2023_매산고2_수1_1중간.pdf,2023_매산고2_수1_1중간.pdf,2023_매산고_고2_수1_1학기중간.pdf,OK
pdf_archive\(1)1중간\(5) 수1\2023_매산고2_수1_1중간_해설.pdf,2023_매산고2_수1_1중간_해설.pdf,2023_매산고_고2_1학기중간_해설.pdf,OK
pdf_archive\(1)1중간\(5) 수1\2023_복성고2_수1_1중간.pdf,2023_복성고2_수1_1중간.pdf,2023_복성고_고2_수1_1학기중간.pdf,OK
pdf_archive\(1)1중간\(5) 수1\2023_복성고2_수1_1중간_해설.pdf,2023_복성고2_수1_1중간_해설.pdf,2023_복성고_고2_1학기중간_해설.pdf,OK
pdf_archive\(1)1중간\(5) 수1\2023_순여고2_수1_1중간.pdf,2023_순여고2_수1_1중간.pdf,2023_순여고_고2_수1_1학기중간.pdf,OK
pdf_archive\(1)1중간\(5) 수1\2023_순천고2_수1_1중간.pdf,2023_순천고2_수1_1중간.pdf,2023_순천고_고2_수1_1학기중간.pdf,OK
pdf_archive\(1)1중간\(5) 수1\2023_제일고2_수1_1중간.pdf,2023_제일고2_수1_1중간.pdf,2023_제일고_고2_수1_1학기중간.pdf,OK
pdf_archive\(1)1중간\(5) 수1\2023_제일고2_수1_1중간_해설.pdf,2023_제일고2_수1_1중간_해설.pdf,2023_제일고_고2_1학기중간_해설.pdf,OK
pdf_archive\(1)1중간\(5) 수1\2023_팔마고2_수1_1중간.pdf,2023_팔마고2_수1_1중간.pdf,2023_팔마고_고2_수1_1학기중간.pdf,OK
pdf_archive\(1)1중간\(5) 수1\2023_팔마고2_수1_1중간_해설.pdf,2023_팔마고2_수1_1중간_해설.pdf,2023_팔마고_고2_1학기중간_해설.pdf,OK
pdf_archive\(1)1중간\(5) 수1\2023_효산고2_수1_1중간.pdf,2023_효산고2_수1_1중간.pdf,2023_효산고_고2_수1_1학기중간.pdf,OK
pdf_archive\(1)1중간\(5) 수1\2023_효산고2_수1_1중간_해설.pdf,2023_효산고2_수1_1중간_해설.pdf,2023_효산고_고2_1학기중간_해설.pdf,OK
pdf_archive\(1)1중간\(5) 수1\2024_강남고2_수1_1중간.pdf,2024_강남고2_수1_1중간.pdf,2024_강남고_고2_수1_1학기중간.pdf,OK
pdf_archive\(1)1중간\(5) 수1\2024_강남고2_수1_1중간_해설.pdf,2024_강남고2_수1_1중간_해설.pdf,2024_강남고_고2_1학기중간_해설.pdf,OK
pdf_archive\(1)1중간\(5) 수1\2024_금당고2_수1_1중간.pdf,2024_금당고2_수1_1중간.pdf,2024_금당고_고2_수1_1학기중간.pdf,OK
pdf_archive\(1)1중간\(5) 수1\2024_금당고2_수1_1중간_해설.pdf,2024_금당고2_수1_1중간_해설.pdf,2024_금당고_고2_1학기중간_해설.pdf,OK
pdf_archive\(1)1중간\(5) 수1\2024_매여고2_수1_1중간.pdf,2024_매여고2_수1_1중간.pdf,2024_매여고_고2_수1_1학기중간.pdf,OK
pdf_archive\(1)1중간\(5) 수1\2024_매여고2_수1_1중간_해설.pdf,2024_매여고2_수1_1중간_해설.pdf,2024_매여고_고2_1학기중간_해설.pdf,OK
pdf_archive\(1)1중간\(5) 수1\2024_순여고2_수1_1중간.pdf,2024_순여고2_수1_1중간.pdf,2024_순여고_고2_수1_1학기중간.pdf,OK
pdf_archive\(1)1중간\(5) 수1\2024_순여고2_수1_1중간_해설.pdf,2024_순여고2_수1_1중간_해설.pdf,2024_순여고_고2_1학기중간_해설.pdf,OK
pdf_archive\(1)1중간\(5) 수1\2024_순천고2_수1_1중간.pdf,2024_순천고2_수1_1중간.pdf,2024_순천고_고2_수1_1학기중간.pdf,OK
pdf_archive\(1)1중간\(5) 수1\2024_순천고2_수1_1중간_해설.pdf,2024_순천고2_수1_1중간_해설.pdf,2024_순천고_고2_1학기중간_해설.pdf,OK
pdf_archive\(1)1중간\(5) 수1\2024_팔마고2_수1_1중간.pdf,2024_팔마고2_수1_1중간.pdf,2024_팔마고_고2_수1_1학기중간.pdf,OK
pdf_archive\(1)1중간\(5) 수1\2024_팔마고2_수1_1중간_해설.pdf,2024_팔마고2_수1_1중간_해설.pdf,2024_팔마고_고2_1학기중간_해설.pdf,OK
pdf_archive\(1)1중간\(5) 수1\2025_금당고2_수1_1중간.pdf,2025_금당고2_수1_1중간.pdf,2025_금당고_고2_수1_1학기중간.pdf,OK
pdf_archive\(1)1중간\(5) 수1\2025_매산고2_수1_1중간.pdf,2025_매산고2_수1_1중간.pdf,2025_매산고_고2_수1_1학기중간.pdf,OK
pdf_archive\(1)1중간\(5) 수1\2025_순천고2_수1_1중간.pdf,2025_순천고2_수1_1중간.pdf,2025_순천고_고2_수1_1학기중간.pdf,OK
pdf_archive\(1)1중간\(5) 수1\2025_제일고2_수1_1중간.pdf,2025_제일고2_수1_1중간.pdf,2025_제일고_고2_수1_1학기중간.pdf,OK
pdf_archive\(1)1중간\(5) 수1\2025_제일고2_수1_1중간_해설.pdf,2025_제일고2_수1_1중간_해설.pdf,2025_제일고_고2_1학기중간_해설.pdf,OK
pdf_archive\(1)1중간\(5) 수1\24년_금당고2_수1_1중간.pdf,24년_금당고2_수1_1중간.pdf,0000_금당고_고2_수1_1학기중간.pdf,OK
pdf_archive\(1)1중간\(6) 수2\2023_금당고2_수2_1중간.pdf,2023_금당고2_수2_1중간.pdf,2023_금당고_고2_수2_1학기중간.pdf,OK
pdf_archive\(1)1중간\(6) 수2\2025_금당고2_수2_1중간_해설.pdf,2025_금당고2_수2_1중간_해설.pdf,2025_금당고_고2_1학기중간_해설.pdf,OK
pdf_archive\(1)1중간\(6) 확률과통계\2019_강남고3_확통_1중간.pdf,2019_강남고3_확통_1중간.pdf,2019_강남고_고3_확통_1학기중간.pdf,OK
pdf_archive\(1)1중간\(6) 확률과통계\2019_강남고3_확통_1중간_해설.pdf,2019_강남고3_확통_1중간_해설.pdf,2019_강남고_고3_1학기중간_해설.pdf,OK
pdf_archive\(1)1중간\(6) 확률과통계\2019_금당고2_확통_1중간.pdf,2019_금당고2_확통_1중간.pdf,2019_금당고_고2_확통_1학기중간.pdf,OK
pdf_archive\(1)1중간\(6) 확률과통계\2019_금당고2_확통_1중간_해설.pdf,2019_금당고2_확통_1중간_해설.pdf,2019_금당고_고2_1학기중간_해설.pdf,OK
pdf_archive\(1)1중간\(6) 확률과통계\2019_제일고2_확통_1중간.pdf,2019_제일고2_확통_1중간.pdf,2019_제일고_고2_확통_1학기중간.pdf,OK
pdf_archive\(1)1중간\(6) 확률과통계\2019_제일고2_확통_1중간_해설.pdf,2019_제일고2_확통_1중간_해설.pdf,2019_제일고_고2_1학기중간_해설.pdf,OK
pdf_archive\(1)1중간\(6) 확률과통계\2020_매여고2_확통_1중간.pdf,2020_매여고2_확통_1중간.pdf,2020_매여고_고2_확통_1학기중간.pdf,OK
pdf_archive\(1)1중간\(6) 확률과통계\2020_매여고2_확통_1중간_해설2.pdf,2020_매여고2_확통_1중간_해설2.pdf,2020_매여고_고2_1학기중간_해설.pdf,OK
pdf_archive\(1)1중간\(6) 확률과통계\2021_금당고2_확통_1중간_해설.pdf,2021_금당고2_확통_1중간_해설.pdf,2021_금당고_고2_1학기중간_해설.pdf,OK
pdf_archive\(1)1중간\(6) 확률과통계\2021_매여고2_확통_1중간_해설.pdf,2021_매여고2_확통_1중간_해설.pdf,2021_매여고_고2_1학기중간_해설.pdf,OK
pdf_archive\(1)1중간\(6) 확률과통계\2021_매여고2_확통_1중간_해설2.pdf,2021_매여고2_확통_1중간_해설2.pdf,2021_매여고_고2_1학기중간_해설.pdf,OK
pdf_archive\(1)1중간\(6) 확률과통계\2021_순여고2_확통_1중간_해설.pdf,2021_순여고2_확통_1중간_해설.pdf,2021_순여고_고2_1학기중간_해설.pdf,OK
pdf_archive\(1)1중간\(6) 확률과통계\2021_순천고2_확통_1중간_해설.pdf,2021_순천고2_확통_1중간_해설.pdf,2021_순천고_고2_1학기중간_해설.pdf,OK
pdf_archive\(1)1중간\(6) 확률과통계\2021_제일고2_확통_1중간_해설.pdf,2021_제일고2_확통_1중간_해설.pdf,2021_제일고_고2_1학기중간_해설.pdf,OK
pdf_archive\(1)1중간\(6) 확률과통계\2021_효천고2_확통_1중간_해설.pdf,2021_효천고2_확통_1중간_해설.pdf,2021_효천고_고2_1학기중간_해설.pdf,OK
pdf_archive\(1)1중간\(6) 확률과통계\2022_금당고2_확통_1중간.pdf,2022_금당고2_확통_1중간.pdf,2022_금당고_고2_확통_1학기중간.pdf,OK
pdf_archive\(1)1중간\(6) 확률과통계\2022_금당고2_확통_1중간_해설.pdf,2022_금당고2_확통_1중간_해설.pdf,2022_금당고_고2_1학기중간_해설.pdf,OK
pdf_archive\(1)1중간\(6) 확률과통계\2022_매산고2_확통_1중간.pdf,2022_매산고2_확통_1중간.pdf,2022_매산고_고2_확통_1학기중간.pdf,OK
pdf_archive\(1)1중간\(6) 확률과통계\2022_매산고2_확통_1중간_해설2.pdf,2022_매산고2_확통_1중간_해설2.pdf,2022_매산고_고2_1학기중간_해설.pdf,OK
pdf_archive\(1)1중간\(6) 확률과통계\2022_효천고2_확통_1중간_해설.pdf,2022_효천고2_확통_1중간_해설.pdf,2022_효천고_고2_1학기중간_해설.pdf,OK
pdf_archive\(1)1중간\(6) 확률과통계\2023_강남고2_확통_1중간.pdf,2023_강남고2_확통_1중간.pdf,2023_강남고_고2_확통_1학기중간.pdf,OK
pdf_archive\(1)1중간\(6) 확률과통계\2023_강남고2_확통_1중간_해설.pdf,2023_강남고2_확통_1중간_해설.pdf,2023_강남고_고2_1학기중간_해설.pdf,OK
pdf_archive\(1)1중간\(6) 확률과통계\2023_매여고2_확통_1중간.pdf,2023_매여고2_확통_1중간.pdf,2023_매여고_고2_확통_1학기중간.pdf,OK
pdf_archive\(1)1중간\(6) 확률과통계\2023_순여고2_확통_1중간.pdf,2023_순여고2_확통_1중간.pdf,2023_순여고_고2_확통_1학기중간.pdf,OK
pdf_archive\(1)1중간\(6) 확률과통계\2023_제일고2_확통_1중간_해설.pdf,2023_제일고2_확통_1중간_해설.pdf,2023_제일고_고2_1학기중간_해설.pdf,OK
pdf_archive\(1)1중간\(6) 확률과통계\2023_팔마고2_확통_1중간.pdf,2023_팔마고2_확통_1중간.pdf,2023_팔마고_고2_확통_1학기중간.pdf,OK
pdf_archive\(1)1중간\(6) 확률과통계\2023_팔마고2_확통_1중간_해설.pdf,2023_팔마고2_확통_1중간_해설.pdf,2023_팔마고_고2_1학기중간_해설.pdf,OK
pdf_archive\(1)1중간\(6) 확률과통계\2025_매산고2_확통_1중간.pdf,2025_매산고2_확통_1중간.pdf,2025_매산고_고2_확통_1학기중간.pdf,OK
pdf_archive\(1)1중간\(6) 확률과통계\2025_매여고2_확통_1중간.pdf,2025_매여고2_확통_1중간.pdf,2025_매여고_고2_확통_1학기중간.pdf,OK
pdf_archive\(1)1중간\(6) 확률과통계\2025_순여고2_확통_1중간.pdf,2025_순여고2_확통_1중간.pdf,2025_순여고_고2_확통_1학기중간.pdf,OK
pdf_archive\(2)1기말\(2) 중2\2019_동산중2_수학_1기말.pdf,2019_동산중2_수학_1기말.pdf,2019_동산중_중2_수학_1학기기말.pdf,OK
pdf_archive\(2)1기말\(2) 중2\2019_동산중2_수학_1기말_정답.pdf,2019_동산중2_수학_1기말_정답.pdf,2019_동산중_중2_1학기기말_해설.pdf,OK
pdf_archive\(2)1기말\(2) 중2\2019_신흥중2_수학_1기말.pdf,2019_신흥중2_수학_1기말.pdf,2019_신흥중_중2_수학_1학기기말.pdf,OK
pdf_archive\(2)1기말\(2) 중2\2019_신흥중2_수학_1기말_정답.pdf,2019_신흥중2_수학_1기말_정답.pdf,2019_신흥중_중2_1학기기말_해설.pdf,OK
pdf_archive\(2)1기말\(2) 중2\2019_연향중2_수학_1기말.pdf,2019_연향중2_수학_1기말.pdf,2019_연향중_중2_수학_1학기기말.pdf,OK
pdf_archive\(2)1기말\(2) 중2\2019_연향중2_수학_1기말_정답.pdf,2019_연향중2_수학_1기말_정답.pdf,2019_연향중_중2_1학기기말_해설.pdf,OK
pdf_archive\(2)1기말\(2) 중2\2019_왕운중2_수학_1기말.pdf,2019_왕운중2_수학_1기말.pdf,2019_왕운중_중2_수학_1학기기말.pdf,OK
pdf_archive\(2)1기말\(2) 중2\2019_왕운중2_수학_1기말_정답.pdf,2019_왕운중2_수학_1기말_정답.pdf,2019_왕운중_중2_1학기기말_해설.pdf,OK
pdf_archive\(2)1기말\(2) 중2\2020_왕의중2_수학_1기말_정답.pdf,2020_왕의중2_수학_1기말_정답.pdf,2020_왕의중_중2_1학기기말_해설.pdf,OK
pdf_archive\(2)1기말\(2) 중2\2020_이수중2_수학_1기말.pdf,2020_이수중2_수학_1기말.pdf,2020_이수중_중2_수학_1학기기말.pdf,OK
pdf_archive\(2)1기말\(2) 중2\2020_이수중2_수학_1기말_정답.pdf,2020_이수중2_수학_1기말_정답.pdf,2020_이수중_중2_1학기기말_해설.pdf,OK
pdf_archive\(2)1기말\(2) 중2\2020_팔마중2_수학_1기말.pdf,2020_팔마중2_수학_1기말.pdf,2020_팔마중_중2_수학_1학기기말.pdf,OK
pdf_archive\(2)1기말\(2) 중2\2020_팔마중2_수학_1기말_정답.pdf,2020_팔마중2_수학_1기말_정답.pdf,2020_팔마중_중2_1학기기말_해설.pdf,OK
pdf_archive\(2)1기말\(2) 중2\2020_풍덕중2_수학_1기말.pdf,2020_풍덕중2_수학_1기말.pdf,2020_풍덕중_중2_수학_1학기기말.pdf,OK
pdf_archive\(2)1기말\(2) 중2\2020_풍덕중2_수학_1기말_정답.pdf,2020_풍덕중2_수학_1기말_정답.pdf,2020_풍덕중_중2_1학기기말_해설.pdf,OK
pdf_archive\(2)1기말\(2) 중2\2021_연향중2_수학_1기말.pdf,2021_연향중2_수학_1기말.pdf,2021_연향중_중2_수학_1학기기말.pdf,OK
pdf_archive\(2)1기말\(2) 중2\2022_매산중2_수학_1기말.pdf,2022_매산중2_수학_1기말.pdf,2022_매산중_중2_수학_1학기기말.pdf,OK
pdf_archive\(2)1기말\(2) 중2\2022_연향중2_1기말_정답.pdf,2022_연향중2_1기말_정답.pdf,2022_연향중_중2_1학기기말_해설.pdf,OK
pdf_archive\(2)1기말\(2) 중2\2022_연향중2_수학_1기말.pdf,2022_연향중2_수학_1기말.pdf,2022_연향중_중2_수학_1학기기말.pdf,OK
pdf_archive\(2)1기말\(2) 중2\2022_연향중2_수학_1기말_정답.pdf,2022_연향중2_수학_1기말_정답.pdf,2022_연향중_중2_1학기기말_해설.pdf,OK
pdf_archive\(2)1기말\(2) 중2\2022_왕운중2_수학_1기말.pdf,2022_왕운중2_수학_1기말.pdf,2022_왕운중_중2_수학_1학기기말.pdf,OK
pdf_archive\(2)1기말\(2) 중2\2022_풍덕중2_수학_1기말.pdf,2022_풍덕중2_수학_1기말.pdf,2022_풍덕중_중2_수학_1학기기말.pdf,OK
pdf_archive\(2)1기말\(2) 중2\2022_풍덕중2_수학_1기말_정답.pdf,2022_풍덕중2_수학_1기말_정답.pdf,2022_풍덕중_중2_1학기기말_해설.pdf,OK
pdf_archive\(2)1기말\(2) 중2\2022_향림중2_수학_1기말.pdf,2022_향림중2_수학_1기말.pdf,2022_향림중_중2_수학_1학기기말.pdf,OK
pdf_archive\(2)1기말\(2) 중2\2023_순여중2_수학_1기말.pdf,2023_순여중2_수학_1기말.pdf,2023_순여중_중2_수학_1학기기말.pdf,OK
pdf_archive\(2)1기말\(2) 중2\2023_순여중2_수학_1기말_정답.pdf,2023_순여중2_수학_1기말_정답.pdf,2023_순여중_중2_1학기기말_해설.pdf,OK
pdf_archive\(2)1기말\(2) 중2\2023_신흥중2_수학_1기말.pdf,2023_신흥중2_수학_1기말.pdf,2023_신흥중_중2_수학_1학기기말.pdf,OK
pdf_archive\(2)1기말\(2) 중2\2023_신흥중2_수학_1기말_정답.pdf,2023_신흥중2_수학_1기말_정답.pdf,2023_신흥중_중2_1학기기말_해설.pdf,OK
pdf_archive\(2)1기말\(2) 중2\2023_신흥중2_수학_1기말_정답2.pdf,2023_신흥중2_수학_1기말_정답2.pdf,2023_신흥중_중2_1학기기말_해설.pdf,OK
pdf_archive\(2)1기말\(2) 중2\2023_연향중2_수학_1기말.pdf,2023_연향중2_수학_1기말.pdf,2023_연향중_중2_수학_1학기기말.pdf,OK
pdf_archive\(2)1기말\(2) 중2\2023_연향중2_수학_1기말_정답.pdf,2023_연향중2_수학_1기말_정답.pdf,2023_연향중_중2_1학기기말_해설.pdf,OK
pdf_archive\(2)1기말\(3) 중3\2019_동산중3_수학_1기말.pdf,2019_동산중3_수학_1기말.pdf,2019_동산중_중3_수학_1학기기말.pdf,OK
pdf_archive\(2)1기말\(3) 중3\2019_동산중3_수학_1기말_정답.pdf,2019_동산중3_수학_1기말_정답.pdf,2019_동산중_중3_1학기기말_해설.pdf,OK
pdf_archive\(2)1기말\(3) 중3\2019_신흥중3_수학_1기말.pdf,2019_신흥중3_수학_1기말.pdf,2019_신흥중_중3_수학_1학기기말.pdf,OK
pdf_archive\(2)1기말\(3) 중3\2019_신흥중3_수학_1기말_정답.pdf,2019_신흥중3_수학_1기말_정답.pdf,2019_신흥중_중3_1학기기말_해설.pdf,OK
pdf_archive\(2)1기말\(3) 중3\2019_연향중3_수학_1기말.pdf,2019_연향중3_수학_1기말.pdf,2019_연향중_중3_수학_1학기기말.pdf,OK
pdf_archive\(2)1기말\(3) 중3\2019_연향중3_수학_1기말_정답.pdf,2019_연향중3_수학_1기말_정답.pdf,2019_연향중_중3_1학기기말_해설.pdf,OK
pdf_archive\(2)1기말\(3) 중3\2020_연향중3_정답_1기말.pdf,2020_연향중3_정답_1기말.pdf,2020_연향중_중3_1학기기말_해설.pdf,OK
pdf_archive\(2)1기말\(3) 중3\2020_이수중3_수학_1기말.pdf,2020_이수중3_수학_1기말.pdf,2020_이수중_중3_수학_1학기기말.pdf,OK
pdf_archive\(2)1기말\(3) 중3\2020_이수중3_수학_1기말_정답.pdf,2020_이수중3_수학_1기말_정답.pdf,2020_이수중_중3_1학기기말_해설.pdf,OK
pdf_archive\(2)1기말\(3) 중3\2021_동산중3_수학_1기말.pdf,2021_동산중3_수학_1기말.pdf,2021_동산중_중3_수학_1학기기말.pdf,OK
pdf_archive\(2)1기말\(3) 중3\2021_신흥중3_수학_1기말.pdf,2021_신흥중3_수학_1기말.pdf,2021_신흥중_중3_수학_1학기기말.pdf,OK
pdf_archive\(2)1기말\(3) 중3\2021_연향중3_수학_1기말.pdf,2021_연향중3_수학_1기말.pdf,2021_연향중_중3_수학_1학기기말.pdf,OK
pdf_archive\(2)1기말\(3) 중3\2021_연향중3_수학_1기말_정답.pdf,2021_연향중3_수학_1기말_정답.pdf,2021_연향중_중3_1학기기말_해설.pdf,OK
pdf_archive\(2)1기말\(3) 중3\2021_왕운중3_수학_1기말.pdf,2021_왕운중3_수학_1기말.pdf,2021_왕운중_중3_수학_1학기기말.pdf,OK
pdf_archive\(2)1기말\(3) 중3\2021_왕의중3_수학_1기말.pdf,2021_왕의중3_수학_1기말.pdf,2021_왕의중_중3_수학_1학기기말.pdf,OK
pdf_archive\(2)1기말\(3) 중3\2021_팔마중3_수학_1기말.pdf,2021_팔마중3_수학_1기말.pdf,2021_팔마중_중3_수학_1학기기말.pdf,OK
pdf_archive\(2)1기말\(3) 중3\2021_팔마중3_수학_1기말_정답.pdf,2021_팔마중3_수학_1기말_정답.pdf,2021_팔마중_중3_1학기기말_해설.pdf,OK
pdf_archive\(2)1기말\(3) 중3\2021_풍덕중3_수학_1기말_정답.pdf,2021_풍덕중3_수학_1기말_정답.pdf,2021_풍덕중_중3_1학기기말_해설.pdf,OK
pdf_archive\(2)1기말\(3) 중3\2022_동산중3_수학_1기말.pdf,2022_동산중3_수학_1기말.pdf,2022_동산중_중3_수학_1학기기말.pdf,OK
pdf_archive\(2)1기말\(3) 중3\2022_동산중3_수학_1기말_정답.pdf,2022_동산중3_수학_1기말_정답.pdf,2022_동산중_중3_1학기기말_해설.pdf,OK
pdf_archive\(2)1기말\(3) 중3\2022_신흥중3_수학_1기말.pdf,2022_신흥중3_수학_1기말.pdf,2022_신흥중_중3_수학_1학기기말.pdf,OK
pdf_archive\(2)1기말\(3) 중3\2022_팔마중3_수학_1기말.pdf,2022_팔마중3_수학_1기말.pdf,2022_팔마중_중3_수학_1학기기말.pdf,OK
pdf_archive\(2)1기말\(3) 중3\2023_매산중3_수학_1기말_정답.pdf,2023_매산중3_수학_1기말_정답.pdf,2023_매산중_중3_1학기기말_해설.pdf,OK
pdf_archive\(2)1기말\(3) 중3\2023_연향중3_수학_1기말.pdf,2023_연향중3_수학_1기말.pdf,2023_연향중_중3_수학_1학기기말.pdf,OK
pdf_archive\(2)1기말\(3) 중3\2023_연향중3_수학_1기말_정답.pdf,2023_연향중3_수학_1기말_정답.pdf,2023_연향중_중3_1학기기말_해설.pdf,OK
pdf_archive\(2)1기말\(3) 중3\2023_연향중3_수학_1기말_해설.pdf,2023_연향중3_수학_1기말_해설.pdf,2023_연향중_중3_1학기기말_해설.pdf,OK
pdf_archive\(2)1기말\(3) 중3\2023_풍덕중3_수학_1기말.pdf,2023_풍덕중3_수학_1기말.pdf,2023_풍덕중_중3_수학_1학기기말.pdf,OK
pdf_archive\(2)1기말\(4) 고1 수학(상)\2019_강남고1_1기말.pdf,2019_강남고1_1기말.pdf,2019_강남고_고1_수학_1학기기말.pdf,OK
pdf_archive\(2)1기말\(4) 고1 수학(상)\2019_강남고1_1기말_정답.pdf,2019_강남고1_1기말_정답.pdf,2019_강남고_고1_1학기기말_해설.pdf,OK
pdf_archive\(2)1기말\(4) 고1 수학(상)\2019_강남여1_1기말_해설.pdf,2019_강남여1_1기말_해설.pdf,2019_강남여_중1_1학기기말_해설.pdf,OK
pdf_archive\(2)1기말\(4) 고1 수학(상)\2019_금당고1_1기말.pdf,2019_금당고1_1기말.pdf,2019_금당고_고1_수학_1학기기말.pdf,OK
pdf_archive\(2)1기말\(4) 고1 수학(상)\2019_매산고1_1기말_정답.pdf,2019_매산고1_1기말_정답.pdf,2019_매산고_고1_1학기기말_해설.pdf,OK
pdf_archive\(2)1기말\(4) 고1 수학(상)\2019_매여고1_1기말.pdf,2019_매여고1_1기말.pdf,2019_매여고_고1_수학_1학기기말.pdf,OK
pdf_archive\(2)1기말\(4) 고1 수학(상)\2019_매여고1_1기말_해설.pdf,2019_매여고1_1기말_해설.pdf,2019_매여고_고1_1학기기말_해설.pdf,OK
pdf_archive\(2)1기말\(4) 고1 수학(상)\2019_팔마고1_1기말.pdf,2019_팔마고1_1기말.pdf,2019_팔마고_고1_수학_1학기기말.pdf,OK
pdf_archive\(2)1기말\(4) 고1 수학(상)\2019_팔마고1_1기말_정답.pdf,2019_팔마고1_1기말_정답.pdf,2019_팔마고_고1_1학기기말_해설.pdf,OK
pdf_archive\(2)1기말\(4) 고1 수학(상)\2019_팔마고1_1기말_해설.pdf,2019_팔마고1_1기말_해설.pdf,2019_팔마고_고1_1학기기말_해설.pdf,OK
pdf_archive\(2)1기말\(4) 고1 수학(상)\2020_공고1전_1기말.pdf,2020_공고1전_1기말.pdf,2020_공고1전_고1_수학_1학기기말.pdf,OK
pdf_archive\(2)1기말\(4) 고1 수학(상)\2020_공고1전_1기말_해설.pdf,2020_공고1전_1기말_해설.pdf,2020_공고1전_고1_1학기기말_해설.pdf,OK
pdf_archive\(2)1기말\(4) 고1 수학(상)\2020_공고1토_1기말.pdf,2020_공고1토_1기말.pdf,2020_공고1토_고1_수학_1학기기말.pdf,OK
pdf_archive\(2)1기말\(4) 고1 수학(상)\2020_공고1토_1기말_해설.pdf,2020_공고1토_1기말_해설.pdf,2020_공고1토_고1_1학기기말_해설.pdf,OK
pdf_archive\(2)1기말\(4) 고1 수학(상)\2020_금당고1_1기말.pdf,2020_금당고1_1기말.pdf,2020_금당고_고1_수학_1학기기말.pdf,OK
pdf_archive\(2)1기말\(4) 고1 수학(상)\2020_금당고1_1기말_해설.pdf,2020_금당고1_1기말_해설.pdf,2020_금당고_고1_1학기기말_해설.pdf,OK
pdf_archive\(2)1기말\(4) 고1 수학(상)\2020_매산고1_1기말_해설.pdf,2020_매산고1_1기말_해설.pdf,2020_매산고_고1_1학기기말_해설.pdf,OK
pdf_archive\(2)1기말\(4) 고1 수학(상)\2020_매여고1_1기말_해설.pdf,2020_매여고1_1기말_해설.pdf,2020_매여고_고1_1학기기말_해설.pdf,OK
pdf_archive\(2)1기말\(4) 고1 수학(상)\2020_청암고1_1기말_정답및해설.pdf,2020_청암고1_1기말_정답및해설.pdf,2020_청암고_고1_1학기기말_해설.pdf,OK
pdf_archive\(2)1기말\(4) 고1 수학(상)\2021_강남여1_1기말.pdf,2021_강남여1_1기말.pdf,2021_강남여_중1_수학_1학기기말.pdf,OK
pdf_archive\(2)1기말\(4) 고1 수학(상)\2021_강남여1_1기말_해설.pdf,2021_강남여1_1기말_해설.pdf,2021_강남여_중1_1학기기말_해설.pdf,OK
pdf_archive\(2)1기말\(4) 고1 수학(상)\2021_고흥고1_1기말.pdf,2021_고흥고1_1기말.pdf,2021_고흥고_고1_수학_1학기기말.pdf,OK
pdf_archive\(2)1기말\(4) 고1 수학(상)\2021_공고1(전기)_1기말.pdf,2021_공고1(전기)_1기말.pdf,2021_공고_고1_수학_1학기기말.pdf,OK
pdf_archive\(2)1기말\(4) 고1 수학(상)\2021_공고1(토목)_1기말.pdf,2021_공고1(토목)_1기말.pdf,2021_공고_고1_수학_1학기기말.pdf,OK
pdf_archive\(2)1기말\(4) 고1 수학(상)\2021_공고1(토목)_1기말_정답.pdf,2021_공고1(토목)_1기말_정답.pdf,2021_공고_고1_1학기기말_해설.pdf,OK
pdf_archive\(2)1기말\(4) 고1 수학(상)\2021_공고1전_1기말.pdf,2021_공고1전_1기말.pdf,2021_공고1전_고1_수학_1학기기말.pdf,OK
pdf_archive\(2)1기말\(4) 고1 수학(상)\2021_공고1토_1기말.pdf,2021_공고1토_1기말.pdf,2021_공고1토_고1_수학_1학기기말.pdf,OK
pdf_archive\(2)1기말\(4) 고1 수학(상)\2021_공고1토_1기말_정답.pdf,2021_공고1토_1기말_정답.pdf,2021_공고1토_고1_1학기기말_해설.pdf,OK
pdf_archive\(2)1기말\(4) 고1 수학(상)\2021_금당고1_1기말.pdf,2021_금당고1_1기말.pdf,2021_금당고_고1_수학_1학기기말.pdf,OK
pdf_archive\(2)1기말\(4) 고1 수학(상)\2021_매산고1_1기말.pdf,2021_매산고1_1기말.pdf,2021_매산고_고1_수학_1학기기말.pdf,OK
pdf_archive\(2)1기말\(4) 고1 수학(상)\2021_매여고1_1기말.pdf,2021_매여고1_1기말.pdf,2021_매여고_고1_수학_1학기기말.pdf,OK
pdf_archive\(2)1기말\(4) 고1 수학(상)\2021_청암고2보건경영_수학(하)_1기말.pdf,2021_청암고2보건경영_수학(하)_1기말.pdf,2021_청암고_고2_수학_1학기기말.pdf,OK
pdf_archive\(2)1기말\(4) 고1 수학(상)\2022_매산고1_1기말_해설.pdf,2022_매산고1_1기말_해설.pdf,2022_매산고_고1_1학기기말_해설.pdf,OK
pdf_archive\(2)1기말\(4) 고1 수학(상)\2022_매여고1_1기말.pdf,2022_매여고1_1기말.pdf,2022_매여고_고1_수학_1학기기말.pdf,OK
pdf_archive\(2)1기말\(4) 고1 수학(상)\2022_매여고1_1기말_해설.pdf,2022_매여고1_1기말_해설.pdf,2022_매여고_고1_1학기기말_해설.pdf,OK
pdf_archive\(2)1기말\(4) 고1 수학(상)\2022_순여고1_1기말.pdf,2022_순여고1_1기말.pdf,2022_순여고_고1_수학_1학기기말.pdf,OK
pdf_archive\(2)1기말\(4) 고1 수학(상)\2022_순여고1_1기말_해설.pdf,2022_순여고1_1기말_해설.pdf,2022_순여고_고1_1학기기말_해설.pdf,OK
pdf_archive\(2)1기말\(4) 고1 수학(상)\2022_제일고1_1기말_해설.pdf,2022_제일고1_1기말_해설.pdf,2022_제일고_고1_1학기기말_해설.pdf,OK
pdf_archive\(2)1기말\(4) 고1 수학(상)\2022_팔마고1_1기말_해설.pdf,2022_팔마고1_1기말_해설.pdf,2022_팔마고_고1_1학기기말_해설.pdf,OK
pdf_archive\(2)1기말\(4) 고1 수학(상)\2022_효산고1_1기말.pdf,2022_효산고1_1기말.pdf,2022_효산고_고1_수학_1학기기말.pdf,OK
pdf_archive\(2)1기말\(4) 고1 수학(상)\2022_효산고1_1기말_해설.pdf,2022_효산고1_1기말_해설.pdf,2022_효산고_고1_1학기기말_해설.pdf,OK
pdf_archive\(2)1기말\(5) 수1\2019_강남고1_1기말_정답.pdf,2019_강남고1_1기말_정답.pdf,2019_강남고_고1_1학기기말_해설.pdf,OK
pdf_archive\(2)1기말\(5) 수1\2019_강남고2_수1_1기말.pdf,2019_강남고2_수1_1기말.pdf,2019_강남고_고2_수1_1학기기말.pdf,OK
pdf_archive\(2)1기말\(5) 수1\2019_강남고2_수1_1기말_정답.pdf,2019_강남고2_수1_1기말_정답.pdf,2019_강남고_고2_1학기기말_해설.pdf,OK
pdf_archive\(2)1기말\(5) 수1\2019_강남여1_1기말_해설.pdf,2019_강남여1_1기말_해설.pdf,2019_강남여_중1_1학기기말_해설.pdf,OK
pdf_archive\(2)1기말\(5) 수1\2019_금당고1_1기말.pdf,2019_금당고1_1기말.pdf,2019_금당고_고1_수학_1학기기말.pdf,OK
pdf_archive\(2)1기말\(5) 수1\2019_금당고1_1기말_해설.pdf,2019_금당고1_1기말_해설.pdf,2019_금당고_고1_1학기기말_해설.pdf,OK
pdf_archive\(2)1기말\(5) 수1\2019_매여고1_1기말.pdf,2019_매여고1_1기말.pdf,2019_매여고_고1_수학_1학기기말.pdf,OK
pdf_archive\(2)1기말\(5) 수1\2019_매여고1_1기말_해설.pdf,2019_매여고1_1기말_해설.pdf,2019_매여고_고1_1학기기말_해설.pdf,OK
pdf_archive\(2)1기말\(5) 수1\2019_매여고2_수1_1기말.pdf,2019_매여고2_수1_1기말.pdf,2019_매여고_고2_수1_1학기기말.pdf,OK
pdf_archive\(2)1기말\(5) 수1\2019_매여고2_수1_1기말_해설.pdf,2019_매여고2_수1_1기말_해설.pdf,2019_매여고_고2_1학기기말_해설.pdf,OK
pdf_archive\(2)1기말\(5) 수1\2019_순여고2_수1_1기말.pdf,2019_순여고2_수1_1기말.pdf,2019_순여고_고2_수1_1학기기말.pdf,OK
pdf_archive\(2)1기말\(5) 수1\2020_공고1토_1기말_해설.pdf,2020_공고1토_1기말_해설.pdf,2020_공고1토_고1_1학기기말_해설.pdf,OK
pdf_archive\(2)1기말\(5) 수1\2020_금당고1_1기말.pdf,2020_금당고1_1기말.pdf,2020_금당고_고1_수학_1학기기말.pdf,OK
pdf_archive\(2)1기말\(5) 수1\2020_금당고1_1기말_해설.pdf,2020_금당고1_1기말_해설.pdf,2020_금당고_고1_1학기기말_해설.pdf,OK
pdf_archive\(2)1기말\(5) 수1\2020_매산고1_1기말.pdf,2020_매산고1_1기말.pdf,2020_매산고_고1_수학_1학기기말.pdf,OK
pdf_archive\(2)1기말\(5) 수1\2020_매산고1_1기말_해설.pdf,2020_매산고1_1기말_해설.pdf,2020_매산고_고1_1학기기말_해설.pdf,OK
pdf_archive\(2)1기말\(5) 수1\2020_매산고2_수1_1기말.pdf,2020_매산고2_수1_1기말.pdf,2020_매산고_고2_수1_1학기기말.pdf,OK
pdf_archive\(2)1기말\(5) 수1\2020_매산고2_수1_1기말_해설.pdf,2020_매산고2_수1_1기말_해설.pdf,2020_매산고_고2_1학기기말_해설.pdf,OK
pdf_archive\(2)1기말\(5) 수1\2020_매여고1_1기말.pdf,2020_매여고1_1기말.pdf,2020_매여고_고1_수학_1학기기말.pdf,OK
pdf_archive\(2)1기말\(5) 수1\2020_매여고1_1기말_해설.pdf,2020_매여고1_1기말_해설.pdf,2020_매여고_고1_1학기기말_해설.pdf,OK
pdf_archive\(2)1기말\(5) 수1\2020_매여고2_수1_1기말_해설.pdf,2020_매여고2_수1_1기말_해설.pdf,2020_매여고_고2_1학기기말_해설.pdf,OK
pdf_archive\(2)1기말\(5) 수1\2020_순여고1_1기말.pdf,2020_순여고1_1기말.pdf,2020_순여고_고1_수학_1학기기말.pdf,OK
pdf_archive\(2)1기말\(5) 수1\2021_강남고2_수1_1기말_해설.pdf,2021_강남고2_수1_1기말_해설.pdf,2021_강남고_고2_1학기기말_해설.pdf,OK
pdf_archive\(2)1기말\(5) 수1\2021_공고2전_1기말.pdf,2021_공고2전_1기말.pdf,2021_공고2전_고2_수학_1학기기말.pdf,OK
pdf_archive\(2)1기말\(5) 수1\2021_공고2전_1기말_해설.pdf,2021_공고2전_1기말_해설.pdf,2021_공고2전_고2_1학기기말_해설.pdf,OK
pdf_archive\(2)1기말\(5) 수1\2021_금당고1_1기말.pdf,2021_금당고1_1기말.pdf,2021_금당고_고1_수학_1학기기말.pdf,OK
pdf_archive\(2)1기말\(5) 수1\2021_금당고1_1기말_해설.pdf,2021_금당고1_1기말_해설.pdf,2021_금당고_고1_1학기기말_해설.pdf,OK
pdf_archive\(2)1기말\(5) 수1\2021_금당고2_수1_1기말_해설.pdf,2021_금당고2_수1_1기말_해설.pdf,2021_금당고_고2_1학기기말_해설.pdf,OK
pdf_archive\(2)1기말\(5) 수1\2021_매산고1_1기말.pdf,2021_매산고1_1기말.pdf,2021_매산고_고1_수학_1학기기말.pdf,OK
pdf_archive\(2)1기말\(5) 수1\2021_매산고1_1기말_해설.pdf,2021_매산고1_1기말_해설.pdf,2021_매산고_고1_1학기기말_해설.pdf,OK
pdf_archive\(2)1기말\(5) 수1\2021_매여고1_1기말_해설.pdf,2021_매여고1_1기말_해설.pdf,2021_매여고_고1_1학기기말_해설.pdf,OK
pdf_archive\(2)1기말\(5) 수1\2021_매여고2_수1_1기말.pdf,2021_매여고2_수1_1기말.pdf,2021_매여고_고2_수1_1학기기말.pdf,OK
pdf_archive\(2)1기말\(5) 수1\2021_제일고2_수1_1기말.pdf,2021_제일고2_수1_1기말.pdf,2021_제일고_고2_수1_1학기기말.pdf,OK
pdf_archive\(2)1기말\(5) 수1\2021_청암고2보건경영_수1_1기말.pdf,2021_청암고2보건경영_수1_1기말.pdf,2021_청암고_고2_수1_1학기기말.pdf,OK
pdf_archive\(2)1기말\(5) 수1\2021_청암고2보건경영_수학(하)_1기말.pdf,2021_청암고2보건경영_수학(하)_1기말.pdf,2021_청암고_고2_수학_1학기기말.pdf,OK
pdf_archive\(2)1기말\(5) 수1\2021_청암고2보건경영_수학(하)_1기말_해설.pdf,2021_청암고2보건경영_수학(하)_1기말_해설.pdf,2021_청암고_고2_1학기기말_해설.pdf,OK
pdf_archive\(2)1기말\(5) 수1\2021_팔마고1_1기말.pdf,2021_팔마고1_1기말.pdf,2021_팔마고_고1_수학_1학기기말.pdf,OK
pdf_archive\(2)1기말\(5) 수1\2021_팔마고1_1기말_해설.pdf,2021_팔마고1_1기말_해설.pdf,2021_팔마고_고1_1학기기말_해설.pdf,OK
pdf_archive\(2)1기말\(5) 수1\2021_효산고1_1기말.pdf,2021_효산고1_1기말.pdf,2021_효산고_고1_수학_1학기기말.pdf,OK
pdf_archive\(2)1기말\(5) 수1\2021_효산고1_1기말_풀이.pdf,2021_효산고1_1기말_풀이.pdf,2021_효산고_고1_1학기기말_해설.pdf,OK
pdf_archive\(2)1기말\(5) 수1\2021_효천고1_1기말.pdf,2021_효천고1_1기말.pdf,2021_효천고_고1_수학_1학기기말.pdf,OK
pdf_archive\(2)1기말\(5) 수1\2021_효천고1_1기말_해설.pdf,2021_효천고1_1기말_해설.pdf,2021_효천고_고1_1학기기말_해설.pdf,OK
pdf_archive\(2)1기말\(5) 수1\2022_순여고1_1기말.pdf,2022_순여고1_1기말.pdf,2022_순여고_고1_수학_1학기기말.pdf,OK
pdf_archive\(2)1기말\(5) 수1\2022_순여고1_1기말_해설.pdf,2022_순여고1_1기말_해설.pdf,2022_순여고_고1_1학기기말_해설.pdf,OK
pdf_archive\(2)1기말\(5) 수1\2022_순천고2_수1_1기말_해설.pdf,2022_순천고2_수1_1기말_해설.pdf,2022_순천고_고2_1학기기말_해설.pdf,OK
pdf_archive\(2)1기말\(5) 수1\2022_제일고1_1기말.pdf,2022_제일고1_1기말.pdf,2022_제일고_고1_수학_1학기기말.pdf,OK
pdf_archive\(2)1기말\(5) 수1\2022_제일고1_1기말_해설.pdf,2022_제일고1_1기말_해설.pdf,2022_제일고_고1_1학기기말_해설.pdf,OK
pdf_archive\(2)1기말\(5) 수1\2022_제일고2_수1_1기말_해설.pdf,2022_제일고2_수1_1기말_해설.pdf,2022_제일고_고2_1학기기말_해설.pdf,OK
pdf_archive\(2)1기말\(5) 수1\2022_팔마고1_1기말.pdf,2022_팔마고1_1기말.pdf,2022_팔마고_고1_수학_1학기기말.pdf,OK
pdf_archive\(2)1기말\(5) 수1\2022_팔마고1_1기말_해설.pdf,2022_팔마고1_1기말_해설.pdf,2022_팔마고_고1_1학기기말_해설.pdf,OK
pdf_archive\(2)1기말\(5) 수1\2022_팔마고2_수1_1기말.pdf,2022_팔마고2_수1_1기말.pdf,2022_팔마고_고2_수1_1학기기말.pdf,OK
pdf_archive\(2)1기말\(5) 수1\2022_팔마고2_수1_1기말_해설.pdf,2022_팔마고2_수1_1기말_해설.pdf,2022_팔마고_고2_1학기기말_해설.pdf,OK
pdf_archive\(2)1기말\(5) 수1\2022_효산고1_1기말.pdf,2022_효산고1_1기말.pdf,2022_효산고_고1_수학_1학기기말.pdf,OK
pdf_archive\(2)1기말\(5) 수1\2022_효산고2_수1_1기말.pdf,2022_효산고2_수1_1기말.pdf,2022_효산고_고2_수1_1학기기말.pdf,OK
pdf_archive\(2)1기말\(5) 수1\2022_효산고2_수1_1기말_해설.pdf,2022_효산고2_수1_1기말_해설.pdf,2022_효산고_고2_1학기기말_해설.pdf,OK
pdf_archive\(2)1기말\(5) 수1\2022_효천고2_수1_1기말.pdf,2022_효천고2_수1_1기말.pdf,2022_효천고_고2_수1_1학기기말.pdf,OK
pdf_archive\(2)1기말\(5) 수1\2023_금당고1_1기말_해설.pdf,2023_금당고1_1기말_해설.pdf,2023_금당고_고1_1학기기말_해설.pdf,OK
pdf_archive\(2)1기말\(5) 수1\2023_매산고1_1기말_해설.pdf,2023_매산고1_1기말_해설.pdf,2023_매산고_고1_1학기기말_해설.pdf,OK
pdf_archive\(2)1기말\(5) 수1\2023_매여고2_수1_1기말.pdf,2023_매여고2_수1_1기말.pdf,2023_매여고_고2_수1_1학기기말.pdf,OK
pdf_archive\(2)1기말\(5) 수1\2023_복성고1_1기말.pdf,2023_복성고1_1기말.pdf,2023_복성고_고1_수학_1학기기말.pdf,OK
pdf_archive\(2)1기말\(5) 수1\2023_복성고1_1기말_해설.pdf,2023_복성고1_1기말_해설.pdf,2023_복성고_고1_1학기기말_해설.pdf,OK
pdf_archive\(2)1기말\(5) 수1\2023_복성고2_수1_1기말.pdf,2023_복성고2_수1_1기말.pdf,2023_복성고_고2_수1_1학기기말.pdf,OK
pdf_archive\(2)1기말\(5) 수1\2023_복성고2_수1_1기말_해설.pdf,2023_복성고2_수1_1기말_해설.pdf,2023_복성고_고2_1학기기말_해설.pdf,OK
pdf_archive\(2)1기말\(5) 수1\2023_순여고1_1기말.pdf,2023_순여고1_1기말.pdf,2023_순여고_고1_수학_1학기기말.pdf,OK
pdf_archive\(2)1기말\(5) 수1\2023_순여고1_1기말_해설.pdf,2023_순여고1_1기말_해설.pdf,2023_순여고_고1_1학기기말_해설.pdf,OK
pdf_archive\(2)1기말\(5) 수1\2023_순여고1_1기말_해설2.pdf,2023_순여고1_1기말_해설2.pdf,2023_순여고_고1_1학기기말_해설.pdf,OK
pdf_archive\(2)1기말\(5) 수1\2024_강남고2_수1_1기말.pdf,2024_강남고2_수1_1기말.pdf,2024_강남고_고2_수1_1학기기말.pdf,OK
pdf_archive\(2)1기말\(5) 수1\2024_강남고2_수1_1기말_해설.pdf,2024_강남고2_수1_1기말_해설.pdf,2024_강남고_고2_1학기기말_해설.pdf,OK
pdf_archive\(2)1기말\(5) 수1\2024_매여고2_수1_1기말.pdf,2024_매여고2_수1_1기말.pdf,2024_매여고_고2_수1_1학기기말.pdf,OK
pdf_archive\(2)1기말\(5) 수1\2024_매여고2_수1_1기말_해설.pdf,2024_매여고2_수1_1기말_해설.pdf,2024_매여고_고2_1학기기말_해설.pdf,OK
pdf_archive\(2)1기말\(5) 수1\2024_팔마고2_수1_1기말.pdf,2024_팔마고2_수1_1기말.pdf,2024_팔마고_고2_수1_1학기기말.pdf,OK
pdf_archive\(3)2중간\(1) 중1\2023_금당중1_수학_2중간.pdf,2023_금당중1_수학_2중간.pdf,2023_금당중_중1_수학_2학기중간.pdf,OK
pdf_archive\(3)2중간\(1) 중1\2023_금당중1_수학_2중간_정답.pdf,2023_금당중1_수학_2중간_정답.pdf,2023_금당중_중1_2학기중간_해설.pdf,OK
pdf_archive\(3)2중간\(1) 중1\2023_신흥중1_수학_2중간.pdf,2023_신흥중1_수학_2중간.pdf,2023_신흥중_중1_수학_2학기중간.pdf,OK
pdf_archive\(3)2중간\(1) 중1\2023_연향중1_수학_2중간.pdf,2023_연향중1_수학_2중간.pdf,2023_연향중_중1_수학_2학기중간.pdf,OK
pdf_archive\(3)2중간\(4) 고1\2020_금당고1_2중간_원본.pdf,2020_금당고1_2중간_원본.pdf,2020_금당고_고1_수학_2학기중간.pdf,OK
pdf_archive\(3)2중간\(4) 고1\2020_매산고1_2중간.pdf,2020_매산고1_2중간.pdf,2020_매산고_고1_수학_2학기중간.pdf,OK
pdf_archive\(3)2중간\(4) 고1\2020_매여고1_2중간_해설.pdf,2020_매여고1_2중간_해설.pdf,2020_매여고_고1_2학기중간_해설.pdf,OK
pdf_archive\(3)2중간\(4) 고1\2020_복성고1_2중간.pdf,2020_복성고1_2중간.pdf,2020_복성고_고1_수학_2학기중간.pdf,OK
pdf_archive\(3)2중간\(4) 고1\2020_복성고1_2중간_해설.pdf,2020_복성고1_2중간_해설.pdf,2020_복성고_고1_2학기중간_해설.pdf,OK
pdf_archive\(3)2중간\(4) 고1\2020_순천고1_2중간.pdf,2020_순천고1_2중간.pdf,2020_순천고_고1_수학_2학기중간.pdf,OK
pdf_archive\(3)2중간\(4) 고1\2020_순천고1_2중간_원본.pdf,2020_순천고1_2중간_원본.pdf,2020_순천고_고1_수학_2학기중간.pdf,OK
pdf_archive\(3)2중간\(4) 고1\2020_제일고1_2중간.pdf,2020_제일고1_2중간.pdf,2020_제일고_고1_수학_2학기중간.pdf,OK
pdf_archive\(3)2중간\(4) 고1\2020_제일고1_2중간_원본.pdf,2020_제일고1_2중간_원본.pdf,2020_제일고_고1_수학_2학기중간.pdf,OK
pdf_archive\(3)2중간\(4) 고1\2021_공고1(전기)_ 2중간.pdf,2021_공고1(전기)_ 2중간.pdf,2021_공고_고1_수학_2학기중간.pdf,OK
pdf_archive\(3)2중간\(4) 고1\2021_공고1(전기)_2중간_해설.pdf,2021_공고1(전기)_2중간_해설.pdf,2021_공고_고1_2학기중간_해설.pdf,OK
pdf_archive\(3)2중간\(4) 고1\2021_금당고1_2중간.pdf,2021_금당고1_2중간.pdf,2021_금당고_고1_수학_2학기중간.pdf,OK
pdf_archive\(3)2중간\(4) 고1\2021_매산고1_2중간.pdf,2021_매산고1_2중간.pdf,2021_매산고_고1_수학_2학기중간.pdf,OK
pdf_archive\(3)2중간\(4) 고1\2021_순천고1_2중간.pdf,2021_순천고1_2중간.pdf,2021_순천고_고1_수학_2학기중간.pdf,OK
pdf_archive\(3)2중간\(4) 고1\2021_제일고1_2중간.pdf,2021_제일고1_2중간.pdf,2021_제일고_고1_수학_2학기중간.pdf,OK
pdf_archive\(3)2중간\(4) 고1\2021_팔마고1_2중간.pdf,2021_팔마고1_2중간.pdf,2021_팔마고_고1_수학_2학기중간.pdf,OK
pdf_archive\(3)2중간\(4) 고1\2021_효산고1_2중간.pdf,2021_효산고1_2중간.pdf,2021_효산고_고1_수학_2학기중간.pdf,OK
pdf_archive\(3)2중간\(4) 고1\2021_효산고1_2중간_해설.pdf,2021_효산고1_2중간_해설.pdf,2021_효산고_고1_2학기중간_해설.pdf,OK
pdf_archive\(3)2중간\(4) 고1\2021_효천고1_2중간.pdf,2021_효천고1_2중간.pdf,2021_효천고_고1_수학_2학기중간.pdf,OK
pdf_archive\(3)2중간\(4) 고1\2021_효천고1_2중간_해설.pdf,2021_효천고1_2중간_해설.pdf,2021_효천고_고1_2학기중간_해설.pdf,OK
pdf_archive\(3)2중간\(4) 고1\2021_효쳔고1_2중간_해설.pdf,2021_효쳔고1_2중간_해설.pdf,2021_효쳔고_고1_2학기중간_해설.pdf,OK
pdf_archive\(3)2중간\(4) 고1\2022_강남여1_2중간_해설.pdf,2022_강남여1_2중간_해설.pdf,2022_강남여_중1_2학기중간_해설.pdf,OK
pdf_archive\(3)2중간\(4) 고1\2022_공고2_2중간.pdf,2022_공고2_2중간.pdf,2022_공고_고2_수학_2학기중간.pdf,OK
pdf_archive\(3)2중간\(4) 고1\2022_공고2_2중간_해설.pdf,2022_공고2_2중간_해설.pdf,2022_공고_고2_2학기중간_해설.pdf,OK
pdf_archive\(3)2중간\(4) 고1\2022_금당고1_2중간.pdf,2022_금당고1_2중간.pdf,2022_금당고_고1_수학_2학기중간.pdf,OK
pdf_archive\(3)2중간\(4) 고1\2022_매산고1_2중간.pdf,2022_매산고1_2중간.pdf,2022_매산고_고1_수학_2학기중간.pdf,OK
pdf_archive\(3)2중간\(4) 고1\2022_매산고1_2중간_해설.pdf,2022_매산고1_2중간_해설.pdf,2022_매산고_고1_2학기중간_해설.pdf,OK
pdf_archive\(3)2중간\(4) 고1\2022_매산고1_2중간_해설2.pdf,2022_매산고1_2중간_해설2.pdf,2022_매산고_고1_2학기중간_해설.pdf,OK
pdf_archive\(3)2중간\(4) 고1\2022_복성고1_2중간.pdf,2022_복성고1_2중간.pdf,2022_복성고_고1_수학_2학기중간.pdf,OK
pdf_archive\(3)2중간\(4) 고1\2022_효천고1_2중간.pdf,2022_효천고1_2중간.pdf,2022_효천고_고1_수학_2학기중간.pdf,OK
pdf_archive\(3)2중간\(4) 고1\2022_효천고1_2중간_해설.pdf,2022_효천고1_2중간_해설.pdf,2022_효천고_고1_2학기중간_해설.pdf,OK
pdf_archive\(3)2중간\(4) 고1\2022_효천고1_2중간_해설2.pdf,2022_효천고1_2중간_해설2.pdf,2022_효천고_고1_2학기중간_해설.pdf,OK
pdf_archive\(3)2중간\(4) 고1\2023_강남고1_2중간.pdf,2023_강남고1_2중간.pdf,2023_강남고_고1_수학_2학기중간.pdf,OK
pdf_archive\(3)2중간\(4) 고1\2023_강남고1_2중간_해설.pdf,2023_강남고1_2중간_해설.pdf,2023_강남고_고1_2학기중간_해설.pdf,OK
pdf_archive\(3)2중간\(4) 고1\2023_금당고1_2중간.pdf,2023_금당고1_2중간.pdf,2023_금당고_고1_수학_2학기중간.pdf,OK
pdf_archive\(3)2중간\(4) 고1\2023_금당고1_2중간_해설.pdf,2023_금당고1_2중간_해설.pdf,2023_금당고_고1_2학기중간_해설.pdf,OK
pdf_archive\(3)2중간\(4) 고1\2023_매여고1_2중간.pdf,2023_매여고1_2중간.pdf,2023_매여고_고1_수학_2학기중간.pdf,OK
pdf_archive\(3)2중간\(4) 고1\2023_순여고1_2중간.pdf,2023_순여고1_2중간.pdf,2023_순여고_고1_수학_2학기중간.pdf,OK
pdf_archive\(3)2중간\(4) 고1\2023_효산고1_2중간.pdf,2023_효산고1_2중간.pdf,2023_효산고_고1_수학_2학기중간.pdf,OK
pdf_archive\(3)2중간\(4) 고1\2024_공업고1_2중간.pdf,2024_공업고1_2중간.pdf,2024_공업고_고1_수학_2학기중간.pdf,OK
pdf_archive\(3)2중간\(5) 수1\2019_청암고2_수1_2중간_보건간호.pdf,2019_청암고2_수1_2중간_보건간호.pdf,2019_청암고_고2_수1_2학기중간.pdf,OK
pdf_archive\(3)2중간\(5) 수1\2019_청암고2_수1_2중간_보건간호_해설.pdf,2019_청암고2_수1_2중간_보건간호_해설.pdf,2019_청암고_고2_2학기중간_해설.pdf,OK
pdf_archive\(3)2중간\(5) 수1\2020_청암고2_수1_2중간_보건경영.pdf,2020_청암고2_수1_2중간_보건경영.pdf,2020_청암고_고2_수1_2학기중간.pdf,OK
pdf_archive\(3)2중간\(5) 수1\2020_청암고2_수1_2중간_보건경영_정답및해설.pdf,2020_청암고2_수1_2중간_보건경영_정답및해설.pdf,2020_청암고_고2_2학기중간_해설.pdf,OK
pdf_archive\(3)2중간\(5) 수1\2022_효산고2_수1_2중간_금융.pdf,2022_효산고2_수1_2중간_금융.pdf,2022_효산고_고2_수1_2학기중간.pdf,OK
pdf_archive\(3)2중간\(5) 수1\2022_효산고2_수1_2중간_금융_정답.pdf,2022_효산고2_수1_2중간_금융_정답.pdf,2022_효산고_고2_2학기중간_해설.pdf,OK
pdf_archive\(3)2중간\(5) 수1\2023_효산고2_수1_2중간.pdf,2023_효산고2_수1_2중간.pdf,2023_효산고_고2_수1_2학기중간.pdf,OK
pdf_archive\(3)2중간\(5) 수1\2023_효산고2_수1_2중간_정답.pdf,2023_효산고2_수1_2중간_정답.pdf,2023_효산고_고2_2학기중간_해설.pdf,OK
pdf_archive\(3)2중간\(6) 수2\2019_순여고2_수2_2중간_해설.pdf,2019_순여고2_수2_2중간_해설.pdf,2019_순여고_고2_2학기중간_해설.pdf,OK
pdf_archive\(3)2중간\(6) 수2\2019_순천고2_수2_2중간.pdf,2019_순천고2_수2_2중간.pdf,2019_순천고_고2_수2_2학기중간.pdf,OK
pdf_archive\(3)2중간\(6) 수2\2019_순천고2_수2_2중간_해설.pdf,2019_순천고2_수2_2중간_해설.pdf,2019_순천고_고2_2학기중간_해설.pdf,OK
pdf_archive\(3)2중간\(6) 수2\2019_청암고2_수1_2중간_보건간호.pdf,2019_청암고2_수1_2중간_보건간호.pdf,2019_청암고_고2_수1_2학기중간.pdf,OK
pdf_archive\(3)2중간\(6) 수2\2019_청암고2_수1_2중간_보건간호_해설.pdf,2019_청암고2_수1_2중간_보건간호_해설.pdf,2019_청암고_고2_2학기중간_해설.pdf,OK
pdf_archive\(3)2중간\(6) 수2\2019_팔마고2_수2_2중간.pdf,2019_팔마고2_수2_2중간.pdf,2019_팔마고_고2_수2_2학기중간.pdf,OK
pdf_archive\(3)2중간\(6) 수2\2019_팔마고2_수2_2중간_해설.pdf,2019_팔마고2_수2_2중간_해설.pdf,2019_팔마고_고2_2학기중간_해설.pdf,OK
pdf_archive\(3)2중간\(6) 수2\2020_매산고2 수2_2중간.pdf,2020_매산고2 수2_2중간.pdf,2020_매산고_고2_수2_2학기중간.pdf,OK
pdf_archive\(3)2중간\(6) 수2\2020_매산고2_수2_2중간_해설.pdf,2020_매산고2_수2_2중간_해설.pdf,2020_매산고_고2_2학기중간_해설.pdf,OK
pdf_archive\(3)2중간\(6) 수2\2020_매여고2_수2_2중간.pdf,2020_매여고2_수2_2중간.pdf,2020_매여고_고2_수2_2학기중간.pdf,OK
pdf_archive\(3)2중간\(6) 수2\2020_매여고2_수2_2중간_해설.pdf,2020_매여고2_수2_2중간_해설.pdf,2020_매여고_고2_2학기중간_해설.pdf,OK
pdf_archive\(3)2중간\(6) 수2\2020_제일고2_수2_2중간.pdf,2020_제일고2_수2_2중간.pdf,2020_제일고_고2_수2_2학기중간.pdf,OK
pdf_archive\(3)2중간\(6) 수2\2020_제일고2_수2_2중간_원본.pdf,2020_제일고2_수2_2중간_원본.pdf,2020_제일고_고2_수2_2학기중간.pdf,OK
pdf_archive\(3)2중간\(6) 수2\2020_제일고2_수2_2중간_정답및해설.pdf,2020_제일고2_수2_2중간_정답및해설.pdf,2020_제일고_고2_2학기중간_해설.pdf,OK
pdf_archive\(3)2중간\(6) 수2\2020_청암고2_수1_2중간_보건경영.pdf,2020_청암고2_수1_2중간_보건경영.pdf,2020_청암고_고2_수1_2학기중간.pdf,OK
pdf_archive\(3)2중간\(6) 수2\2020_청암고2_수1_2중간_보건경영_정답및해설.pdf,2020_청암고2_수1_2중간_보건경영_정답및해설.pdf,2020_청암고_고2_2학기중간_해설.pdf,OK
pdf_archive\(3)2중간\(6) 수2\2021_강남고2_수2_2중간.pdf,2021_강남고2_수2_2중간.pdf,2021_강남고_고2_수2_2학기중간.pdf,OK
pdf_archive\(3)2중간\(6) 수2\2021_강남고2_수2_2중간_해설.pdf,2021_강남고2_수2_2중간_해설.pdf,2021_강남고_고2_2학기중간_해설.pdf,OK
pdf_archive\(3)2중간\(6) 수2\2022_효천고2_수2_2중간_정답.pdf,2022_효천고2_수2_2중간_정답.pdf,2022_효천고_고2_2학기중간_해설.pdf,OK
pdf_archive\(3)2중간\(6) 수2\2022_효천고2_수2_2중간_해설.pdf,2022_효천고2_수2_2중간_해설.pdf,2022_효천고_고2_2학기중간_해설.pdf,OK
pdf_archive\(3)2중간\(6) 수2\2022_효천고2_수2_2중간_해설2.pdf,2022_효천고2_수2_2중간_해설2.pdf,2022_효천고_고2_2학기중간_해설.pdf,OK
pdf_archive\(3)2중간\(6) 수2\2023_강남여2_수2_2중간.pdf,2023_강남여2_수2_2중간.pdf,2023_강남여_중2_수2_2학기중간.pdf,OK
pdf_archive\(3)2중간\(6) 수2\2023_강남여2_수2_2중간_해설.pdf,2023_강남여2_수2_2중간_해설.pdf,2023_강남여_중2_2학기중간_해설.pdf,OK
pdf_archive\(3)2중간\(6) 수2\2023_매산고2_수2_2중간.pdf,2023_매산고2_수2_2중간.pdf,2023_매산고_고2_수2_2학기중간.pdf,OK
pdf_archive\(3)2중간\(6) 수2\2023_매산고2_수2_2중간_해설.pdf,2023_매산고2_수2_2중간_해설.pdf,2023_매산고_고2_2학기중간_해설.pdf,OK
pdf_archive\(3)2중간\(6) 수2\2023_제일고2_수2_2중간.pdf,2023_제일고2_수2_2중간.pdf,2023_제일고_고2_수2_2학기중간.pdf,OK
pdf_archive\(3)2중간\(6) 수2\2023_제일고2_수2_2중간_해설.pdf,2023_제일고2_수2_2중간_해설.pdf,2023_제일고_고2_2학기중간_해설.pdf,OK
pdf_archive\(3)2중간\(6) 수2\2023_팔마고2_수2_2중간.pdf,2023_팔마고2_수2_2중간.pdf,2023_팔마고_고2_수2_2학기중간.pdf,OK
pdf_archive\(3)2중간\(6) 수2\2023_팔마고2_수2_2중간_해설.pdf,2023_팔마고2_수2_2중간_해설.pdf,2023_팔마고_고2_2학기중간_해설.pdf,OK
pdf_archive\(3)2중간\(6) 수2\2024_매여고2_수학2_2중간.pdf,2024_매여고2_수학2_2중간.pdf,2024_매여고_고2_수학_2학기중간.pdf,OK
pdf_archive\(3)2중간\(6) 수2\2024_매여고2_수학2_2중간_해설.pdf,2024_매여고2_수학2_2중간_해설.pdf,2024_매여고_고2_2학기중간_해설.pdf,OK
pdf_archive\(4)2기말\수2\2020_매산고2_수2_2기말_해설.pdf,2020_매산고2_수2_2기말_해설.pdf,2020_매산고_고2_2학기기말_해설.pdf,OK
pdf_archive\(4)2기말\수2\2020_매여고2_수2_2기말_해설.pdf,2020_매여고2_수2_2기말_해설.pdf,2020_매여고_고2_2학기기말_해설.pdf,OK
pdf_archive\(4)2기말\수2\2021_매산여고2_수2_2기말.pdf,2021_매산여고2_수2_2기말.pdf,2021_매산여고_고2_수2_2학기기말.pdf,OK
pdf_archive\(4)2기말\수2\2021_매여고2_수2_2기말.pdf,2021_매여고2_수2_2기말.pdf,2021_매여고_고2_수2_2학기기말.pdf,OK
pdf_archive\(4)2기말\수2\2021_매여고2_수2_2기말_해설.pdf,2021_매여고2_수2_2기말_해설.pdf,2021_매여고_고2_2학기기말_해설.pdf,OK
pdf_archive\(4)2기말\수2\2021_순여고2_수2_2기말.pdf,2021_순여고2_수2_2기말.pdf,2021_순여고_고2_수2_2학기기말.pdf,OK
pdf_archive\(4)2기말\수2\2021_순여고2_수2_2기말_해설.pdf,2021_순여고2_수2_2기말_해설.pdf,2021_순여고_고2_2학기기말_해설.pdf,OK
pdf_archive\(4)2기말\수2\2022_매산고2_수2_2기말.pdf,2022_매산고2_수2_2기말.pdf,2022_매산고_고2_수2_2학기기말.pdf,OK
pdf_archive\(4)2기말\수2\2022_매산고2_수2_2기말_정답.pdf,2022_매산고2_수2_2기말_정답.pdf,2022_매산고_고2_2학기기말_해설.pdf,OK
pdf_archive\(4)2기말\수2\2022_복성고2_수2_2기말.pdf,2022_복성고2_수2_2기말.pdf,2022_복성고_고2_수2_2학기기말.pdf,OK
pdf_archive\(4)2기말\수2\2022_복성고2_수2_2기말_해설.pdf,2022_복성고2_수2_2기말_해설.pdf,2022_복성고_고2_2학기기말_해설.pdf,OK
pdf_archive\(4)2기말\수2\2022_순천고2_수2_2기말.pdf,2022_순천고2_수2_2기말.pdf,2022_순천고_고2_수2_2학기기말.pdf,OK
pdf_archive\(4)2기말\수2\2022_순천고2_수2_2기말_해설.pdf,2022_순천고2_수2_2기말_해설.pdf,2022_순천고_고2_2학기기말_해설.pdf,OK
pdf_archive\(4)2기말\수학(하)\2019_강남고1_2기말.pdf,2019_강남고1_2기말.pdf,2019_강남고_고1_수학_2학기기말.pdf,OK
pdf_archive\(4)2기말\수학(하)\2019_강남고1_2기말_정답.pdf,2019_강남고1_2기말_정답.pdf,2019_강남고_고1_2학기기말_해설.pdf,OK
pdf_archive\(4)2기말\수학(하)\2019_강남고1_2기말_해설.pdf,2019_강남고1_2기말_해설.pdf,2019_강남고_고1_2학기기말_해설.pdf,OK
pdf_archive\(4)2기말\수학(하)\2019_금당고1_2기말.pdf,2019_금당고1_2기말.pdf,2019_금당고_고1_수학_2학기기말.pdf,OK
pdf_archive\(4)2기말\수학(하)\2019_금당고1_2기말_해설.pdf,2019_금당고1_2기말_해설.pdf,2019_금당고_고1_2학기기말_해설.pdf,OK
pdf_archive\(4)2기말\수학(하)\2020_효천고1_2기말.pdf,2020_효천고1_2기말.pdf,2020_효천고_고1_수학_2학기기말.pdf,OK
pdf_archive\(4)2기말\수학(하)\2020_효천고1_2기말_해설.pdf,2020_효천고1_2기말_해설.pdf,2020_효천고_고1_2학기기말_해설.pdf,OK
pdf_archive\(4)2기말\수학(하)\2021_강남여1_2기말.pdf,2021_강남여1_2기말.pdf,2021_강남여_중1_수학_2학기기말.pdf,OK
pdf_archive\(4)2기말\수학(하)\2021_강남여1_2기말_해설.pdf,2021_강남여1_2기말_해설.pdf,2021_강남여_중1_2학기기말_해설.pdf,OK
pdf_archive\(4)2기말\수학(하)\2021_금당고1_2기말.pdf,2021_금당고1_2기말.pdf,2021_금당고_고1_수학_2학기기말.pdf,OK
pdf_archive\(4)2기말\수학(하)\2021_금당고1_2기말_해설.pdf,2021_금당고1_2기말_해설.pdf,2021_금당고_고1_2학기기말_해설.pdf,OK
pdf_archive\(4)2기말\수학(하)\2021_복성고1_2기말.pdf,2021_복성고1_2기말.pdf,2021_복성고_고1_수학_2학기기말.pdf,OK
pdf_archive\(4)2기말\수학(하)\2021_복성고1_2기말_해설.pdf,2021_복성고1_2기말_해설.pdf,2021_복성고_고1_2학기기말_해설.pdf,OK
pdf_archive\(4)2기말\수학(하)\2021_순천고1_2기말_해설.pdf,2021_순천고1_2기말_해설.pdf,2021_순천고_고1_2학기기말_해설.pdf,OK
pdf_archive\(4)2기말\수학(하)\2021_효천고1_2기말_정답.pdf,2021_효천고1_2기말_정답.pdf,2021_효천고_고1_2학기기말_해설.pdf,OK
pdf_archive\(4)2기말\수학(하)\2022_강남고1_2기말_해설.pdf,2022_강남고1_2기말_해설.pdf,2022_강남고_고1_2학기기말_해설.pdf,OK
pdf_archive\(4)2기말\수학(하)\2022_강남고1_2기말_해설2.pdf,2022_강남고1_2기말_해설2.pdf,2022_강남고_고1_2학기기말_해설.pdf,OK
pdf_archive\(4)2기말\수학(하)\2022_공고2(건축)_2기말.pdf,2022_공고2(건축)_2기말.pdf,2022_공고_고2_수학_2학기기말.pdf,OK
pdf_archive\(4)2기말\수학(하)\2022_공고2(건축)_2기말_정답.pdf,2022_공고2(건축)_2기말_정답.pdf,2022_공고_고2_2학기기말_해설.pdf,OK
pdf_archive\(4)2기말\수학(하)\2022_금당고1_2기말.pdf,2022_금당고1_2기말.pdf,2022_금당고_고1_수학_2학기기말.pdf,OK
pdf_archive\(4)2기말\수학(하)\2022_금당고1_2기말_해설.pdf,2022_금당고1_2기말_해설.pdf,2022_금당고_고1_2학기기말_해설.pdf,OK
pdf_archive\(4)2기말\수학(하)\2022_매산고1_2기말.pdf,2022_매산고1_2기말.pdf,2022_매산고_고1_수학_2학기기말.pdf,OK
pdf_archive\(4)2기말\수학(하)\2022_팔마고1_2기말.pdf,2022_팔마고1_2기말.pdf,2022_팔마고_고1_수학_2학기기말.pdf,OK
pdf_archive\(4)2기말\수학(하)\2022_팔마고1_2기말_정답.pdf,2022_팔마고1_2기말_정답.pdf,2022_팔마고_고1_2학기기말_해설.pdf,OK
pdf_archive\(4)2기말\수학(하)\2022_팔마고1_2기말_해설.pdf,2022_팔마고1_2기말_해설.pdf,2022_팔마고_고1_2학기기말_해설.pdf,OK
pdf_archive\(4)2기말\수학(하)\2022_효산고1_2기말.pdf,2022_효산고1_2기말.pdf,2022_효산고_고1_수학_2학기기말.pdf,OK
pdf_archive\(4)2기말\수학(하)\2022_효산고1_2기말_해설.pdf,2022_효산고1_2기말_해설.pdf,2022_효산고_고1_2학기기말_해설.pdf,OK
pdf_archive\(4)2기말\수학(하)\2022_효천고1_2기말.pdf,2022_효천고1_2기말.pdf,2022_효천고_고1_수학_2학기기말.pdf,OK
pdf_archive\(4)2기말\수학(하)\2022_효천고1_2기말_해설.pdf,2022_효천고1_2기말_해설.pdf,2022_효천고_고1_2학기기말_해설.pdf,OK
pdf_archive\(4)2기말\수학(하)\2023_강남여1_2기말.pdf,2023_강남여1_2기말.pdf,2023_강남여_중1_수학_2학기기말.pdf,OK
pdf_archive\(4)2기말\수학(하)\2024_강남고1_2기말.pdf,2024_강남고1_2기말.pdf,2024_강남고_고1_수학_2학기기말.pdf,OK
pdf_archive\(4)2기말\수학(하)\2024_금당고1_2기말.pdf,2024_금당고1_2기말.pdf,2024_금당고_고1_수학_2학기기말.pdf,OK
pdf_archive\(4)2기말\수학(하)\2024_금당고1_2기말_해설.pdf,2024_금당고1_2기말_해설.pdf,2024_금당고_고1_2학기기말_해설.pdf,OK
pdf_archive\(4)2기말\수학(하)\2024_매여고1_2기말.pdf,2024_매여고1_2기말.pdf,2024_매여고_고1_수학_2학기기말.pdf,OK
pdf_archive\(4)2기말\수학(하)\2024_제일고1_2기말.pdf,2024_제일고1_2기말.pdf,2024_제일고_고1_수학_2학기기말.pdf,OK
pdf_archive\(4)2기말\수학(하)\2024_제일고1_2기말_해설.pdf,2024_제일고1_2기말_해설.pdf,2024_제일고_고1_2학기기말_해설.pdf,OK
